asset,year,role,session,candidate,exit_config,n_entries,n_trades,entries_per_month,fill_rate,gate_pass,triggered_by,pf,wr,exp_r,avg_win,avg_loss,total_r,max_dd,freq,be,reason_stop,reason_timeout
BTCUSDT,2022,control,control_8h,20 | control_8h,"Espacio 2 — max_hold (be=1.0R/activation=2.0R/distance=1.0R, atr_mult=1.5/atr_period=14 fijos; max_hold & sesión variable)",63,62,5.28,0.984,False,,0.895,27.4,-0.052,1.629,-0.688,-3.25,-4.63,5.2,0,54,8
BTCUSDT,2022,control,dcv1_activo_15h,20 | dcv1_activo_15h,"Espacio 2 — max_hold (be=1.0R/activation=2.0R/distance=1.0R, atr_mult=1.5/atr_period=14 fijos; max_hold & sesión variable)",119,115,9.93,0.966,False,,0.681,27.0,-0.177,1.397,-0.757,-20.31,-12.27,9.6,0,99,16
ETHUSDT,2022,control,control_8h,20 | control_8h,"Espacio 2 — max_hold (be=1.0R/activation=2.0R/distance=1.0R, atr_mult=1.5/atr_period=14 fijos; max_hold & sesión variable)",49,48,4.08,0.98,False,,0.971,33.3,-0.014,1.397,-0.719,-0.67,-1.95,4.0,0,38,10
ETHUSDT,2022,control,dcv1_activo_15h,20 | dcv1_activo_15h,"Espacio 2 — max_hold (be=1.0R/activation=2.0R/distance=1.0R, atr_mult=1.5/atr_period=14 fijos; max_hold & sesión variable)",113,107,9.5,0.947,False,,1.033,34.6,0.016,1.488,-0.762,1.75,-6.74,9.0,0,83,24
SOLUSDT,2022,control,control_8h,20 | control_8h,"Espacio 2 — max_hold (be=1.0R/activation=2.0R/distance=1.0R, atr_mult=1.5/atr_period=14 fijos; max_hold & sesión variable)",63,61,5.37,0.968,False,,1.152,32.8,0.071,1.649,-0.698,4.35,-4.6,5.2,0,56,5
SOLUSDT,2022,control,dcv1_activo_15h,20 | dcv1_activo_15h,"Espacio 2 — max_hold (be=1.0R/activation=2.0R/distance=1.0R, atr_mult=1.5/atr_period=14 fijos; max_hold & sesión variable)",107,103,8.93,0.963,False,,1.003,31.1,0.001,1.539,-0.691,0.15,-5.44,8.6,0,87,16
BTCUSDT,2023,control,control_8h,20 | control_8h,"Espacio 2 — max_hold (be=1.0R/activation=2.0R/distance=1.0R, atr_mult=1.5/atr_period=14 fijos; max_hold & sesión variable)",62,61,5.39,0.984,False,,0.713,24.6,-0.169,1.702,-0.779,-10.29,-5.18,5.3,0,53,8
BTCUSDT,2023,control,dcv1_activo_15h,20 | dcv1_activo_15h,"Espacio 2 — max_hold (be=1.0R/activation=2.0R/distance=1.0R, atr_mult=1.5/atr_period=14 fijos; max_hold & sesión variable)",110,108,9.37,0.982,False,,1.021,29.6,0.012,1.935,-0.798,1.28,-6.88,9.2,0,93,15
ETHUSDT,2023,control,control_8h,20 | control_8h,"Espacio 2 — max_hold (be=1.0R/activation=2.0R/distance=1.0R, atr_mult=1.5/atr_period=14 fijos; max_hold & sesión variable)",69,67,5.77,0.971,False,,0.952,29.9,-0.025,1.636,-0.731,-1.65,-7.21,5.6,0,56,11
ETHUSDT,2023,control,dcv1_activo_15h,20 | dcv1_activo_15h,"Espacio 2 — max_hold (be=1.0R/activation=2.0R/distance=1.0R, atr_mult=1.5/atr_period=14 fijos; max_hold & sesión variable)",118,113,9.82,0.958,False,,0.782,26.5,-0.119,1.606,-0.743,-13.44,-12.44,9.4,0,95,18
SOLUSDT,2023,control,control_8h,20 | control_8h,"Espacio 2 — max_hold (be=1.0R/activation=2.0R/distance=1.0R, atr_mult=1.5/atr_period=14 fijos; max_hold & sesión variable)",56,56,4.7,1.0,False,,1.138,28.6,0.072,2.088,-0.734,4.04,-6.3,4.7,0,46,10
SOLUSDT,2023,control,dcv1_activo_15h,20 | dcv1_activo_15h,"Espacio 2 — max_hold (be=1.0R/activation=2.0R/distance=1.0R, atr_mult=1.5/atr_period=14 fijos; max_hold & sesión variable)",100,98,8.37,0.98,False,,1.272,31.6,0.132,1.958,-0.713,12.96,-5.22,8.2,0,77,21
BTCUSDT,2022,candidate,control_8h,10 | control_8h,"Espacio 2 — max_hold (be=1.0R/activation=2.0R/distance=1.0R, atr_mult=1.5/atr_period=14 fijos; max_hold & sesión variable)",63,62,5.28,0.984,False,,0.938,33.9,-0.029,1.303,-0.711,-1.8,-3.79,5.2,0,44,18
BTCUSDT,2022,candidate,control_8h,20 | control_8h,"Espacio 2 — max_hold (be=1.0R/activation=2.0R/distance=1.0R, atr_mult=1.5/atr_period=14 fijos; max_hold & sesión variable)",63,62,5.28,0.984,False,,0.895,27.4,-0.052,1.629,-0.688,-3.25,-4.63,5.2,0,54,8
BTCUSDT,2022,candidate,control_8h,30 | control_8h,"Espacio 2 — max_hold (be=1.0R/activation=2.0R/distance=1.0R, atr_mult=1.5/atr_period=14 fijos; max_hold & sesión variable)",63,59,5.23,0.937,False,,0.827,25.4,-0.089,1.686,-0.695,-5.28,-4.95,4.9,0,56,3
BTCUSDT,2022,candidate,control_8h,5 | control_8h,"Espacio 2 — max_hold (be=1.0R/activation=2.0R/distance=1.0R, atr_mult=1.5/atr_period=14 fijos; max_hold & sesión variable)",63,62,5.28,0.984,False,lower_contingency,1.14,38.7,0.049,1.022,-0.566,3.02,-2.33,5.2,0,24,38
BTCUSDT,2022,candidate,dcv1_activo_15h,10 | dcv1_activo_15h,"Espacio 2 — max_hold (be=1.0R/activation=2.0R/distance=1.0R, atr_mult=1.5/atr_period=14 fijos; max_hold & sesión variable)",119,118,9.98,0.992,False,,0.67,28.8,-0.17,1.197,-0.723,-20.02,-12.46,9.9,0,76,42
BTCUSDT,2022,candidate,dcv1_activo_15h,20 | dcv1_activo_15h,"Espacio 2 — max_hold (be=1.0R/activation=2.0R/distance=1.0R, atr_mult=1.5/atr_period=14 fijos; max_hold & sesión variable)",119,115,9.93,0.966,False,,0.681,27.0,-0.177,1.397,-0.757,-20.31,-12.27,9.6,0,99,16
BTCUSDT,2022,candidate,dcv1_activo_15h,30 | dcv1_activo_15h,"Espacio 2 — max_hold (be=1.0R/activation=2.0R/distance=1.0R, atr_mult=1.5/atr_period=14 fijos; max_hold & sesión variable)",119,111,9.97,0.933,False,,0.616,23.4,-0.222,1.523,-0.756,-24.64,-13.57,9.3,0,104,7
ETHUSDT,2022,candidate,control_8h,10 | control_8h,"Espacio 2 — max_hold (be=1.0R/activation=2.0R/distance=1.0R, atr_mult=1.5/atr_period=14 fijos; max_hold & sesión variable)",49,48,4.08,0.98,False,,0.839,35.4,-0.077,1.13,-0.739,-3.7,-3.15,4.0,0,30,18
ETHUSDT,2022,candidate,control_8h,20 | control_8h,"Espacio 2 — max_hold (be=1.0R/activation=2.0R/distance=1.0R, atr_mult=1.5/atr_period=14 fijos; max_hold & sesión variable)",49,48,4.08,0.98,False,,0.971,33.3,-0.014,1.397,-0.719,-0.67,-1.95,4.0,0,38,10
ETHUSDT,2022,candidate,control_8h,30 | control_8h,"Espacio 2 — max_hold (be=1.0R/activation=2.0R/distance=1.0R, atr_mult=1.5/atr_period=14 fijos; max_hold & sesión variable)",49,47,4.17,0.959,False,,1.068,31.9,0.032,1.585,-0.696,1.51,-1.81,4.0,0,41,6
ETHUSDT,2022,candidate,control_8h,40 | control_8h,"Espacio 2 — max_hold (be=1.0R/activation=2.0R/distance=1.0R, atr_mult=1.5/atr_period=14 fijos; max_hold & sesión variable)",49,47,4.17,0.959,False,upper_contingency,1.187,29.8,0.089,1.892,-0.676,4.17,-1.68,4.0,0,43,4
ETHUSDT,2022,candidate,dcv1_activo_15h,10 | dcv1_activo_15h,"Espacio 2 — max_hold (be=1.0R/activation=2.0R/distance=1.0R, atr_mult=1.5/atr_period=14 fijos; max_hold & sesión variable)",113,107,9.5,0.947,False,,0.901,34.6,-0.046,1.21,-0.71,-4.92,-9.74,9.0,0,63,44
ETHUSDT,2022,candidate,dcv1_activo_15h,20 | dcv1_activo_15h,"Espacio 2 — max_hold (be=1.0R/activation=2.0R/distance=1.0R, atr_mult=1.5/atr_period=14 fijos; max_hold & sesión variable)",113,107,9.5,0.947,False,,1.033,34.6,0.016,1.488,-0.762,1.75,-6.74,9.0,0,83,24
ETHUSDT,2022,candidate,dcv1_activo_15h,30 | dcv1_activo_15h,"Espacio 2 — max_hold (be=1.0R/activation=2.0R/distance=1.0R, atr_mult=1.5/atr_period=14 fijos; max_hold & sesión variable)",113,103,9.54,0.912,False,,1.068,32.0,0.035,1.693,-0.747,3.58,-5.7,8.7,0,90,13
ETHUSDT,2022,candidate,dcv1_activo_15h,40 | dcv1_activo_15h,"Espacio 2 — max_hold (be=1.0R/activation=2.0R/distance=1.0R, atr_mult=1.5/atr_period=14 fijos; max_hold & sesión variable)",113,103,9.54,0.912,False,upper_contingency,1.105,29.1,0.054,1.935,-0.719,5.54,-4.41,8.7,0,93,10
SOLUSDT,2022,candidate,control_8h,10 | control_8h,"Espacio 2 — max_hold (be=1.0R/activation=2.0R/distance=1.0R, atr_mult=1.5/atr_period=14 fijos; max_hold & sesión variable)",63,61,5.37,0.968,False,,1.093,36.1,0.041,1.337,-0.69,2.5,-3.39,5.2,0,36,25
SOLUSDT,2022,candidate,control_8h,20 | control_8h,"Espacio 2 — max_hold (be=1.0R/activation=2.0R/distance=1.0R, atr_mult=1.5/atr_period=14 fijos; max_hold & sesión variable)",63,61,5.37,0.968,False,,1.152,32.8,0.071,1.649,-0.698,4.35,-4.6,5.2,0,56,5
SOLUSDT,2022,candidate,control_8h,30 | control_8h,"Espacio 2 — max_hold (be=1.0R/activation=2.0R/distance=1.0R, atr_mult=1.5/atr_period=14 fijos; max_hold & sesión variable)",63,61,5.37,0.968,False,,1.294,32.8,0.143,1.915,-0.722,8.7,-4.43,5.2,0,58,3
SOLUSDT,2022,candidate,control_8h,40 | control_8h,"Espacio 2 — max_hold (be=1.0R/activation=2.0R/distance=1.0R, atr_mult=1.5/atr_period=14 fijos; max_hold & sesión variable)",63,61,5.37,0.968,False,upper_contingency,1.243,31.1,0.118,1.938,-0.705,7.19,-4.65,5.2,0,60,1
SOLUSDT,2022,candidate,dcv1_activo_15h,10 | dcv1_activo_15h,"Espacio 2 — max_hold (be=1.0R/activation=2.0R/distance=1.0R, atr_mult=1.5/atr_period=14 fijos; max_hold & sesión variable)",107,104,8.95,0.972,False,,1.093,38.5,0.04,1.232,-0.704,4.21,-4.51,8.7,0,55,49
SOLUSDT,2022,candidate,dcv1_activo_15h,20 | dcv1_activo_15h,"Espacio 2 — max_hold (be=1.0R/activation=2.0R/distance=1.0R, atr_mult=1.5/atr_period=14 fijos; max_hold & sesión variable)",107,103,8.93,0.963,False,,1.003,31.1,0.001,1.539,-0.691,0.15,-5.44,8.6,0,87,16
SOLUSDT,2022,candidate,dcv1_activo_15h,30 | dcv1_activo_15h,"Espacio 2 — max_hold (be=1.0R/activation=2.0R/distance=1.0R, atr_mult=1.5/atr_period=14 fijos; max_hold & sesión variable)",107,102,8.92,0.953,False,,1.075,30.4,0.037,1.751,-0.711,3.81,-5.41,8.5,0,93,9
SOLUSDT,2022,candidate,dcv1_activo_15h,5 | dcv1_activo_15h,"Espacio 2 — max_hold (be=1.0R/activation=2.0R/distance=1.0R, atr_mult=1.5/atr_period=14 fijos; max_hold & sesión variable)",107,104,8.95,0.972,False,lower_contingency,1.349,48.1,0.11,0.885,-0.608,11.43,-1.82,8.7,0,31,73
BTCUSDT,2023,candidate,control_8h,10 | control_8h,"Espacio 2 — max_hold (be=1.0R/activation=2.0R/distance=1.0R, atr_mult=1.5/atr_period=14 fijos; max_hold & sesión variable)",62,61,5.39,0.984,False,,0.782,27.9,-0.122,1.574,-0.778,-7.46,-4.39,5.3,0,48,13
BTCUSDT,2023,candidate,control_8h,20 | control_8h,"Espacio 2 — max_hold (be=1.0R/activation=2.0R/distance=1.0R, atr_mult=1.5/atr_period=14 fijos; max_hold & sesión variable)",62,61,5.39,0.984,False,,0.713,24.6,-0.169,1.702,-0.779,-10.29,-5.18,5.3,0,53,8
BTCUSDT,2023,candidate,control_8h,30 | control_8h,"Espacio 2 — max_hold (be=1.0R/activation=2.0R/distance=1.0R, atr_mult=1.5/atr_period=14 fijos; max_hold & sesión variable)",62,61,5.39,0.984,False,,0.67,23.0,-0.213,1.886,-0.839,-13.01,-6.78,5.3,0,59,2
BTCUSDT,2023,candidate,control_8h,5 | control_8h,"Espacio 2 — max_hold (be=1.0R/activation=2.0R/distance=1.0R, atr_mult=1.5/atr_period=14 fijos; max_hold & sesión variable)",62,61,5.39,0.984,False,lower_contingency,0.897,36.1,-0.043,1.031,-0.649,-2.61,-2.27,5.3,0,26,35
BTCUSDT,2023,candidate,dcv1_activo_15h,10 | dcv1_activo_15h,"Espacio 2 — max_hold (be=1.0R/activation=2.0R/distance=1.0R, atr_mult=1.5/atr_period=14 fijos; max_hold & sesión variable)",110,109,9.39,0.991,False,,1.059,32.1,0.03,1.69,-0.755,3.28,-6.78,9.3,0,78,31
BTCUSDT,2023,candidate,dcv1_activo_15h,20 | dcv1_activo_15h,"Espacio 2 — max_hold (be=1.0R/activation=2.0R/distance=1.0R, atr_mult=1.5/atr_period=14 fijos; max_hold & sesión variable)",110,108,9.37,0.982,False,,1.021,29.6,0.012,1.935,-0.798,1.28,-6.88,9.2,0,93,15
BTCUSDT,2023,candidate,dcv1_activo_15h,30 | dcv1_activo_15h,"Espacio 2 — max_hold (be=1.0R/activation=2.0R/distance=1.0R, atr_mult=1.5/atr_period=14 fijos; max_hold & sesión variable)",110,107,9.36,0.973,False,,1.017,29.0,0.01,2.081,-0.835,1.08,-7.37,9.1,0,100,7
BTCUSDT,2023,candidate,dcv1_activo_15h,5 | dcv1_activo_15h,"Espacio 2 — max_hold (be=1.0R/activation=2.0R/distance=1.0R, atr_mult=1.5/atr_period=14 fijos; max_hold & sesión variable)",110,109,9.39,0.991,False,lower_contingency,1.054,36.7,0.023,1.205,-0.663,2.47,-5.33,9.3,0,49,60
ETHUSDT,2023,candidate,control_8h,10 | control_8h,"Espacio 2 — max_hold (be=1.0R/activation=2.0R/distance=1.0R, atr_mult=1.5/atr_period=14 fijos; max_hold & sesión variable)",69,67,5.77,0.971,False,,0.885,31.3,-0.057,1.408,-0.726,-3.85,-8.14,5.6,0,52,15
ETHUSDT,2023,candidate,control_8h,20 | control_8h,"Espacio 2 — max_hold (be=1.0R/activation=2.0R/distance=1.0R, atr_mult=1.5/atr_period=14 fijos; max_hold & sesión variable)",69,67,5.77,0.971,False,,0.952,29.9,-0.025,1.636,-0.731,-1.65,-7.21,5.6,0,56,11
ETHUSDT,2023,candidate,control_8h,30 | control_8h,"Espacio 2 — max_hold (be=1.0R/activation=2.0R/distance=1.0R, atr_mult=1.5/atr_period=14 fijos; max_hold & sesión variable)",69,65,5.73,0.942,False,,1.175,30.8,0.092,1.996,-0.755,5.96,-5.59,5.4,0,58,7
ETHUSDT,2023,candidate,control_8h,40 | control_8h,"Espacio 2 — max_hold (be=1.0R/activation=2.0R/distance=1.0R, atr_mult=1.5/atr_period=14 fijos; max_hold & sesión variable)",69,65,5.73,0.942,False,upper_contingency,1.287,30.8,0.148,2.161,-0.746,9.64,-5.37,5.4,0,62,3
ETHUSDT,2023,candidate,dcv1_activo_15h,10 | dcv1_activo_15h,"Espacio 2 — max_hold (be=1.0R/activation=2.0R/distance=1.0R, atr_mult=1.5/atr_period=14 fijos; max_hold & sesión variable)",118,115,9.85,0.975,False,,0.808,29.6,-0.095,1.352,-0.702,-10.95,-12.57,9.6,0,83,32
ETHUSDT,2023,candidate,dcv1_activo_15h,20 | dcv1_activo_15h,"Espacio 2 — max_hold (be=1.0R/activation=2.0R/distance=1.0R, atr_mult=1.5/atr_period=14 fijos; max_hold & sesión variable)",118,113,9.82,0.958,False,,0.782,26.5,-0.119,1.606,-0.743,-13.44,-12.44,9.4,0,95,18
ETHUSDT,2023,candidate,dcv1_activo_15h,30 | dcv1_activo_15h,"Espacio 2 — max_hold (be=1.0R/activation=2.0R/distance=1.0R, atr_mult=1.5/atr_period=14 fijos; max_hold & sesión variable)",118,111,9.89,0.941,False,,0.932,27.0,-0.039,1.976,-0.785,-4.33,-10.24,9.3,0,102,9
ETHUSDT,2023,candidate,dcv1_activo_15h,40 | dcv1_activo_15h,"Espacio 2 — max_hold (be=1.0R/activation=2.0R/distance=1.0R, atr_mult=1.5/atr_period=14 fijos; max_hold & sesión variable)",118,111,9.89,0.941,False,upper_contingency,0.995,27.0,-0.003,2.087,-0.777,-0.3,-9.65,9.3,0,106,5
SOLUSDT,2023,candidate,control_8h,10 | control_8h,"Espacio 2 — max_hold (be=1.0R/activation=2.0R/distance=1.0R, atr_mult=1.5/atr_period=14 fijos; max_hold & sesión variable)",56,56,4.7,1.0,False,,1.256,33.9,0.121,1.745,-0.714,6.75,-5.16,4.7,0,39,17
SOLUSDT,2023,candidate,control_8h,20 | control_8h,"Espacio 2 — max_hold (be=1.0R/activation=2.0R/distance=1.0R, atr_mult=1.5/atr_period=14 fijos; max_hold & sesión variable)",56,56,4.7,1.0,False,,1.138,28.6,0.072,2.088,-0.734,4.04,-6.3,4.7,0,46,10
SOLUSDT,2023,candidate,control_8h,30 | control_8h,"Espacio 2 — max_hold (be=1.0R/activation=2.0R/distance=1.0R, atr_mult=1.5/atr_period=14 fijos; max_hold & sesión variable)",56,55,4.79,0.982,False,,1.084,25.5,0.048,2.408,-0.758,2.62,-6.79,4.7,0,53,2
SOLUSDT,2023,candidate,control_8h,5 | control_8h,"Espacio 2 — max_hold (be=1.0R/activation=2.0R/distance=1.0R, atr_mult=1.5/atr_period=14 fijos; max_hold & sesión variable)",56,56,4.7,1.0,False,lower_contingency,0.853,42.9,-0.057,0.778,-0.684,-3.21,-4.25,4.7,0,25,31
SOLUSDT,2023,candidate,dcv1_activo_15h,10 | dcv1_activo_15h,"Espacio 2 — max_hold (be=1.0R/activation=2.0R/distance=1.0R, atr_mult=1.5/atr_period=14 fijos; max_hold & sesión variable)",100,99,8.38,0.99,False,,1.364,35.4,0.157,1.66,-0.665,15.5,-5.19,8.3,0,63,36
SOLUSDT,2023,candidate,dcv1_activo_15h,20 | dcv1_activo_15h,"Espacio 2 — max_hold (be=1.0R/activation=2.0R/distance=1.0R, atr_mult=1.5/atr_period=14 fijos; max_hold & sesión variable)",100,98,8.37,0.98,False,,1.272,31.6,0.132,1.958,-0.713,12.96,-5.22,8.2,0,77,21
SOLUSDT,2023,candidate,dcv1_activo_15h,30 | dcv1_activo_15h,"Espacio 2 — max_hold (be=1.0R/activation=2.0R/distance=1.0R, atr_mult=1.5/atr_period=14 fijos; max_hold & sesión variable)",100,97,8.35,0.97,False,,1.17,27.8,0.091,2.26,-0.745,8.85,-5.77,8.1,0,93,4
SOLUSDT,2023,candidate,dcv1_activo_15h,5 | dcv1_activo_15h,"Espacio 2 — max_hold (be=1.0R/activation=2.0R/distance=1.0R, atr_mult=1.5/atr_period=14 fijos; max_hold & sesión variable)",100,99,8.38,0.99,False,lower_contingency,1.047,39.4,0.018,1.031,-0.64,1.79,-4.72,8.3,0,45,54
