entry_idx,direction,pnl_r_v3a,is_winner,mfe_r,mae_r,asset,year
38,short,-1.0857,False,1.0192,1.7975,BTCUSDT,2022
62,short,1.3586,True,2.4439,0.2937,BTCUSDT,2022
202,short,-1.063,False,0.7847,1.9105,BTCUSDT,2022
225,short,1.0429,True,4.1879,1.1178,BTCUSDT,2022
254,short,-1.0565,False,0.3267,2.2648,BTCUSDT,2022
349,short,-1.0855,False,0.3725,2.018,BTCUSDT,2022
544,short,-1.0411,False,2.9328,1.666,BTCUSDT,2022
781,short,1.8143,True,4.0537,0.1366,BTCUSDT,2022
968,long,-0.0685,False,2.8543,2.8145,BTCUSDT,2022
1042,long,-1.0799,False,0.4253,2.1407,BTCUSDT,2022
1543,short,1.7543,True,3.9643,0.0002,BTCUSDT,2022
1672,short,-0.6154,False,0.5391,0.7429,BTCUSDT,2022
1695,short,-1.072,False,1.0383,1.1482,BTCUSDT,2022
1713,short,-0.096,False,4.0088,0.2445,BTCUSDT,2022
1840,long,0.7918,True,1.7963,0.1273,BTCUSDT,2022
1959,long,-1.0686,False,1.6317,1.0093,BTCUSDT,2022
2175,long,-1.0671,False,1.1431,1.025,BTCUSDT,2022
2215,long,1.047,True,2.129,1.2344,BTCUSDT,2022
2389,short,-1.1256,False,3.9369,2.7642,BTCUSDT,2022
2458,short,-1.0678,False,0.3551,3.3936,BTCUSDT,2022
2486,short,-0.0739,False,1.8205,0.1113,BTCUSDT,2022
2535,short,-1.0681,False,0.1094,1.2424,BTCUSDT,2022
2560,short,-0.1237,False,5.8483,0.8967,BTCUSDT,2022
2774,short,1.3948,True,2.8677,0.1441,BTCUSDT,2022
2990,short,2.1298,True,3.3445,0.0225,BTCUSDT,2022
3351,short,-0.2835,False,0.7983,0.7493,BTCUSDT,2022
3488,short,-0.0353,False,1.4062,1.0788,BTCUSDT,2022
3631,short,-1.0729,False,5.6064,1.0505,BTCUSDT,2022
3638,short,1.853,True,2.8966,0.0926,BTCUSDT,2022
3682,short,-0.0601,False,1.3297,0.2982,BTCUSDT,2022
3727,short,-1.1264,False,0.5051,7.8717,BTCUSDT,2022
3993,short,0.5691,True,1.3105,0.2804,BTCUSDT,2022
4215,short,-1.0582,False,0.1585,2.6424,BTCUSDT,2022
4261,short,-0.6169,False,0.4187,0.8525,BTCUSDT,2022
4287,short,1.2603,True,2.5501,0.5325,BTCUSDT,2022
4354,short,-1.0322,False,0.2134,1.1715,BTCUSDT,2022
5144,long,-0.0686,False,1.1972,1.8916,BTCUSDT,2022
5246,long,-0.1381,False,7.1151,0.8275,BTCUSDT,2022
5599,short,-1.0683,False,0.83,1.6597,BTCUSDT,2022
5799,short,-1.0673,False,0.8308,2.8482,BTCUSDT,2022
5968,short,3.0221,True,5.7022,0.0456,BTCUSDT,2022
6250,short,2.0484,True,9.1299,0.59,BTCUSDT,2022
6370,short,-0.0578,False,1.4754,1.5042,BTCUSDT,2022
6421,short,-1.0952,False,1.7009,2.16,BTCUSDT,2022
6517,short,-1.0454,False,0.409,1.9085,BTCUSDT,2022
7090,short,-0.3005,False,1.9168,9.2354,BTCUSDT,2022
7216,long,-0.0696,False,1.4807,0.6142,BTCUSDT,2022
7550,short,0.0976,True,0.6709,0.4296,BTCUSDT,2022
7665,short,-0.0656,False,1.6459,0.1502,BTCUSDT,2022
7720,short,-0.0822,False,0.6887,0.4783,BTCUSDT,2022
7761,short,-0.1719,False,8.4095,0.5986,BTCUSDT,2022
7912,short,-0.1472,False,1.3074,0.9238,BTCUSDT,2022
8053,short,-1.0707,False,0.1601,1.2966,BTCUSDT,2022
8072,short,-1.1605,False,0.942,1.1199,BTCUSDT,2022
8101,short,-1.189,False,0.2157,6.0794,BTCUSDT,2022
8128,short,-0.1119,False,1.2779,0.6488,BTCUSDT,2022
8433,short,-1.18,False,0.829,2.1852,BTCUSDT,2022
8463,short,3.9611,True,5.1321,2.5079,BTCUSDT,2022
8512,short,-0.4011,False,0.4576,0.7119,BTCUSDT,2022
8533,short,1.6353,True,2.8302,1.5455,BTCUSDT,2022
8599,short,1.921,True,3.3559,2.1606,BTCUSDT,2022
8631,short,-1.3122,False,0.19,3.444,BTCUSDT,2022
64,short,-0.0734,False,1.4551,2.0705,ETHUSDT,2022
368,short,-0.0862,False,1.8513,2.4285,ETHUSDT,2022
543,short,-1.0268,False,2.835,1.4345,ETHUSDT,2022
782,short,0.9757,True,1.1896,0.513,ETHUSDT,2022
946,long,1.4436,True,2.4961,0.3121,ETHUSDT,2022
1047,short,0.9291,True,1.9229,0.0495,ETHUSDT,2022
1672,short,-0.6005,False,0.6359,0.7862,ETHUSDT,2022
1694,short,-1.0699,False,0.4739,1.4638,ETHUSDT,2022
1713,short,-0.0964,False,3.6836,1.1284,ETHUSDT,2022
1905,long,-0.061,False,3.3614,0.7047,ETHUSDT,2022
1959,long,-1.0609,False,1.187,1.7646,ETHUSDT,2022
2023,long,0.1981,True,0.9905,0.684,ETHUSDT,2022
2120,long,-1.0599,False,0.892,1.1195,ETHUSDT,2022
2174,long,0.9315,True,1.4372,0.2233,ETHUSDT,2022
2485,short,-0.0513,False,1.3273,0.2384,ETHUSDT,2022
2535,short,-1.0614,False,0.0792,1.679,ETHUSDT,2022
2774,short,1.6225,True,2.6747,0.5069,ETHUSDT,2022
2798,short,-1.0379,False,0.1209,1.6086,ETHUSDT,2022
2841,short,-0.0614,False,2.4468,0.2255,ETHUSDT,2022
2942,short,-0.074,False,1.9809,1.4274,ETHUSDT,2022
2990,short,1.8617,True,2.1307,0.0062,ETHUSDT,2022
3351,short,-0.2681,False,0.8948,0.6663,ETHUSDT,2022
3466,short,1.2526,True,1.8121,0.7287,ETHUSDT,2022
3830,short,-1.0568,False,1.7353,1.0182,ETHUSDT,2022
3993,short,0.4104,True,1.2028,0.3535,ETHUSDT,2022
4215,short,-1.0371,False,0.1534,3.2902,ETHUSDT,2022
4288,short,1.8113,True,3.2354,0.0358,ETHUSDT,2022
4453,short,-1.0377,False,0.7429,2.8779,ETHUSDT,2022
5053,long,-1.0397,False,0.4777,1.3872,ETHUSDT,2022
5128,long,-1.0355,False,0.4365,1.868,ETHUSDT,2022
5246,long,-0.0704,False,3.3941,0.6804,ETHUSDT,2022
5367,long,2.6097,True,3.6608,0.1944,ETHUSDT,2022
5800,short,-1.0265,False,0.2925,2.6712,ETHUSDT,2022
5846,short,-1.0263,False,0.1121,1.8081,ETHUSDT,2022
6249,short,1.9819,True,4.1771,0.5821,ETHUSDT,2022
6301,short,-1.0442,False,1.1775,1.4721,ETHUSDT,2022
6417,short,1.4212,True,3.1895,0.5531,ETHUSDT,2022
6517,short,-1.0403,False,0.4484,1.8142,ETHUSDT,2022
6974,short,-0.0706,False,1.3615,0.7302,ETHUSDT,2022
7216,long,1.5173,True,2.5582,0.5953,ETHUSDT,2022
7281,long,-1.0357,False,0.3708,1.8647,ETHUSDT,2022
7552,short,-0.337,False,0.2366,0.7838,ETHUSDT,2022
7762,short,2.1546,True,7.0542,0.0378,ETHUSDT,2022
8433,short,-1.0955,False,0.4164,1.6556,ETHUSDT,2022
8464,short,1.2356,True,2.3259,4.2439,ETHUSDT,2022
8534,short,-1.0578,False,0.5719,2.5509,ETHUSDT,2022
8578,short,-1.1684,False,0.461,1.7427,ETHUSDT,2022
8631,short,-1.1533,False,0.3463,2.7103,ETHUSDT,2022
199,short,-1.0264,False,0.5308,1.1139,SOLUSDT,2022
226,short,2.6505,True,3.6917,0.026,SOLUSDT,2022
656,short,-1.0224,False,0.8262,1.1744,SOLUSDT,2022
712,short,1.483,True,2.5226,0.3206,SOLUSDT,2022
783,short,-1.0279,False,3.5206,1.7222,SOLUSDT,2022
879,short,-1.0368,False,0.3584,2.5305,SOLUSDT,2022
920,short,-0.028,False,1.2589,0.2371,SOLUSDT,2022
1117,short,-1.0369,False,0.8025,1.6749,SOLUSDT,2022
1360,short,0.9676,True,2.0009,0.6575,SOLUSDT,2022
1600,short,-1.0335,False,0.1643,3.77,SOLUSDT,2022
1714,short,-0.0705,False,3.6697,0.3178,SOLUSDT,2022
1912,short,-1.0429,False,0.3308,2.3914,SOLUSDT,2022
2024,long,-0.0434,False,1.0929,0.7159,SOLUSDT,2022
2167,long,1.5767,True,2.6015,0.9622,SOLUSDT,2022
2264,long,-0.0388,False,1.2651,4.191,SOLUSDT,2022
2391,long,-0.0496,False,1.7989,4.4262,SOLUSDT,2022
2458,short,-1.0368,False,0.8718,2.2075,SOLUSDT,2022
2485,short,0.5494,True,1.5324,0.2266,SOLUSDT,2022
2774,short,-0.0502,False,1.6011,1.6125,SOLUSDT,2022
2822,short,-1.048,False,1.2457,1.4369,SOLUSDT,2022
2913,short,-0.0381,False,1.3643,0.511,SOLUSDT,2022
2941,short,-0.0473,False,1.7116,0.4024,SOLUSDT,2022
2990,short,1.9434,True,3.0702,0.0702,SOLUSDT,2022
3202,short,-1.0137,False,0.9393,1.3138,SOLUSDT,2022
3350,short,-0.022,False,1.2515,0.194,SOLUSDT,2022
3613,short,-1.0284,False,0.6294,1.1119,SOLUSDT,2022
3679,short,1.5915,True,4.4338,0.1237,SOLUSDT,2022
3849,short,1.0141,True,2.1415,0.6509,SOLUSDT,2022
3997,short,-1.0143,False,0.6817,1.1032,SOLUSDT,2022
4287,short,1.0051,True,2.1923,0.1,SOLUSDT,2022
4354,short,-1.0216,False,0.1351,1.4864,SOLUSDT,2022
4520,short,-1.0339,False,0.5001,2.48,SOLUSDT,2022
4669,short,-1.0398,False,0.1571,6.0892,SOLUSDT,2022
5048,long,1.052,True,3.438,0.7766,SOLUSDT,2022
5073,long,-1.0322,False,0.8586,1.6767,SOLUSDT,2022
5128,long,-1.0351,False,0.1294,4.4076,SOLUSDT,2022
5599,short,-0.0375,False,1.4204,0.7878,SOLUSDT,2022
5799,short,-1.0403,False,0.8176,2.4385,SOLUSDT,2022
5938,short,-1.0561,False,0.08,4.78,SOLUSDT,2022
6056,short,-1.0437,False,0.4631,1.1227,SOLUSDT,2022
6182,short,0.1266,True,0.7368,0.8,SOLUSDT,2022
6254,short,3.26,True,4.9856,0.157,SOLUSDT,2022
6327,short,-1.0477,False,2.5237,3.3649,SOLUSDT,2022
6421,short,1.5236,True,2.5779,0.1997,SOLUSDT,2022
6776,short,2.8703,True,3.9474,0.9474,SOLUSDT,2022
6973,short,0.8846,True,1.9657,0.3469,SOLUSDT,2022
7095,short,-1.0713,False,0.0851,4.5652,SOLUSDT,2022
7120,short,-0.0971,False,0.5556,0.6625,SOLUSDT,2022
7305,long,-1.0516,False,0.8372,1.779,SOLUSDT,2022
7664,short,-0.0271,False,1.2896,0.5623,SOLUSDT,2022
7689,short,2.9128,True,3.9523,0.4101,SOLUSDT,2022
7762,short,-1.0398,False,4.166,1.3597,SOLUSDT,2022
7930,short,5.3041,True,6.3581,0.7069,SOLUSDT,2022
7984,short,-1.0411,False,0.3553,1.8244,SOLUSDT,2022
8008,short,-0.049,False,1.2011,3.3607,SOLUSDT,2022
8031,short,-0.0439,False,1.2049,0.208,SOLUSDT,2022
8071,short,0.9552,True,2.027,0.4301,SOLUSDT,2022
8362,short,0.1995,True,0.5741,0.5502,SOLUSDT,2022
8433,short,-1.0577,False,0.7674,1.6288,SOLUSDT,2022
8533,short,1.1128,True,2.4824,0.642,SOLUSDT,2022
8719,short,-1.0124,False,0.2082,1.4849,SOLUSDT,2022
376,long,-0.0678,False,1.7702,0.6333,BTCUSDT,2023
538,long,-1.087,False,1.1982,1.725,BTCUSDT,2023
640,long,-0.0812,False,1.4569,0.9628,BTCUSDT,2023
735,long,-1.096,False,0.997,1.4298,BTCUSDT,2023
758,long,-1.115,False,6.5482,1.9422,BTCUSDT,2023
830,long,-1.132,False,0.0744,1.5722,BTCUSDT,2023
897,long,1.1148,True,2.7383,1.4632,BTCUSDT,2023
1209,long,0.0799,True,0.4877,0.5723,BTCUSDT,2023
1407,long,-1.0995,False,2.4045,2.3636,BTCUSDT,2023
1569,short,-0.1911,False,5.4187,1.0613,BTCUSDT,2023
1664,short,-1.0457,False,0.2897,1.1916,BTCUSDT,2023
1785,long,-0.0507,False,2.8365,0.3186,BTCUSDT,2023
1862,long,1.3824,True,3.2821,0.5514,BTCUSDT,2023
1959,long,-1.0424,False,0.1166,2.0808,BTCUSDT,2023
2024,long,1.0757,True,2.1753,0.21,BTCUSDT,2023
2150,long,-0.2028,False,0.8397,0.6513,BTCUSDT,2023
2218,long,-1.0854,False,0.2639,3.7734,BTCUSDT,2023
2240,long,-0.0729,False,2.0542,0.4405,BTCUSDT,2023
2577,long,1.4452,True,2.5613,0.1594,BTCUSDT,2023
2703,short,-1.1039,False,1.3465,2.27,BTCUSDT,2023
2720,short,-1.0728,False,0.7575,1.5653,BTCUSDT,2023
2865,long,3.7425,True,4.9257,7.2615,BTCUSDT,2023
3039,long,-1.1167,False,0.3889,6.1973,BTCUSDT,2023
3103,short,-1.115,False,4.0194,3.5495,BTCUSDT,2023
3304,short,1.8632,True,2.9628,0.074,BTCUSDT,2023
3783,short,-0.289,False,0.5793,0.5564,BTCUSDT,2023
3903,short,-1.1103,False,0.804,2.2575,BTCUSDT,2023
3928,short,-0.73,False,0.3374,0.9213,BTCUSDT,2023
4304,long,-0.1144,False,3.8641,0.646,BTCUSDT,2023
4382,long,-1.2217,False,1.7197,3.5168,BTCUSDT,2023
4384,long,-1.1542,False,1.3542,1.1216,BTCUSDT,2023
4471,long,1.5836,True,3.7155,5.3278,BTCUSDT,2023
4503,long,-0.7248,False,0.2273,0.918,BTCUSDT,2023
4574,long,3.0915,True,4.2473,1.1247,BTCUSDT,2023
4718,long,-1.2254,False,0.2563,3.9436,BTCUSDT,2023
4954,short,-1.1827,False,0.2421,3.4118,BTCUSDT,2023
4984,short,-0.1708,False,1.2854,0.3651,BTCUSDT,2023
5026,short,-1.2696,False,0.1894,1.0657,BTCUSDT,2023
5245,short,1.1055,True,3.193,2.942,BTCUSDT,2023
5655,short,-0.5603,False,0.6893,0.9627,BTCUSDT,2023
5697,short,-0.3561,False,0.372,0.5413,BTCUSDT,2023
5959,short,-0.2011,False,3.3803,2.9284,BTCUSDT,2023
6081,short,-0.157,False,5.6905,1.7784,BTCUSDT,2023
6302,long,-1.1042,False,0.8028,2.0814,BTCUSDT,2023
6442,short,-0.1963,False,1.3648,0.4871,BTCUSDT,2023
6633,long,-1.1225,False,1.3765,1.448,BTCUSDT,2023
6640,long,0.8619,True,1.8661,0.0853,BTCUSDT,2023
6681,long,-1.1452,False,4.5182,3.0247,BTCUSDT,2023
6686,long,1.7688,True,2.8582,0.1405,BTCUSDT,2023
6776,long,-1.1638,False,0.0461,4.6854,BTCUSDT,2023
6994,long,1.3476,True,4.9334,0.362,BTCUSDT,2023
7232,long,1.7253,True,2.8986,0.5366,BTCUSDT,2023
7257,long,-0.1101,False,1.2423,1.7261,BTCUSDT,2023
7425,long,-1.1061,False,0.5369,1.1138,BTCUSDT,2023
7714,long,-0.1116,False,1.4311,0.3882,BTCUSDT,2023
8318,long,3.3396,True,4.4197,0.012,BTCUSDT,2023
8361,long,-1.0858,False,0.1339,2.7164,BTCUSDT,2023
8558,long,-1.1371,False,0.6141,1.3802,BTCUSDT,2023
8605,long,-1.1156,False,0.333,4.7173,BTCUSDT,2023
8650,long,-1.0769,False,1.2088,1.0105,BTCUSDT,2023
8728,long,-1.1,False,1.3371,1.1492,BTCUSDT,2023
135,long,-0.077,False,1.0359,0.2012,ETHUSDT,2023
182,long,0.9387,True,14.0575,1.0935,ETHUSDT,2023
520,long,-0.0673,False,1.301,1.3535,ETHUSDT,2023
537,long,-1.0805,False,0.7932,2.751,ETHUSDT,2023
735,long,-1.0768,False,0.9234,1.3239,ETHUSDT,2023
807,long,-0.1211,False,0.5135,0.8042,ETHUSDT,2023
880,long,-1.0741,False,0.5363,2.1433,ETHUSDT,2023
898,long,-1.0935,False,3.6049,1.1586,ETHUSDT,2023
1208,long,-0.0858,False,1.5963,0.3971,ETHUSDT,2023
1304,long,-1.0813,False,0.1043,4.4434,ETHUSDT,2023
1406,long,-1.0967,False,2.3464,2.6995,ETHUSDT,2023
1570,short,2.8582,True,4.0029,0.9681,ETHUSDT,2023
1791,long,-0.0551,False,3.7872,0.4023,ETHUSDT,2023
1863,long,-0.0614,False,1.8707,2.2291,ETHUSDT,2023
1958,long,-0.3104,False,0.9307,0.4656,ETHUSDT,2023
2193,long,-1.1458,False,0.0222,5.3165,ETHUSDT,2023
2218,long,-0.0979,False,2.2073,2.182,ETHUSDT,2023
2439,long,2.8856,True,3.4696,0.752,ETHUSDT,2023
3271,short,-0.1149,False,1.8209,1.9814,ETHUSDT,2023
3303,short,1.5457,True,2.6619,1.0181,ETHUSDT,2023
3368,short,-0.2017,False,2.932,0.3582,ETHUSDT,2023
3703,long,-0.1826,False,1.6649,3.6162,ETHUSDT,2023
3926,short,-0.4728,False,0.9268,0.6082,ETHUSDT,2023
3951,short,0.8899,True,10.6068,0.6524,ETHUSDT,2023
4093,short,-1.1111,False,0.654,7.5431,ETHUSDT,2023
4167,long,-1.0486,False,0.6183,1.1699,ETHUSDT,2023
4257,long,-0.0957,False,2.1575,1.3578,ETHUSDT,2023
4306,long,-1.1069,False,2.6069,1.7472,ETHUSDT,2023
4382,long,-1.1511,False,4.6054,3.6328,ETHUSDT,2023
4471,long,1.25,True,2.3718,7.0704,ETHUSDT,2023
4718,long,-1.1583,False,0.1515,4.6442,ETHUSDT,2023
4951,short,-1.1768,False,0.5823,3.7548,ETHUSDT,2023
5217,short,-1.2847,False,0.9575,2.8206,ETHUSDT,2023
5245,short,2.3112,True,3.5219,1.4477,ETHUSDT,2023
5576,short,-0.1393,False,2.2684,1.0935,ETHUSDT,2023
5654,short,-1.0743,False,0.6737,1.0191,ETHUSDT,2023
5697,short,-0.4408,False,0.5663,0.6795,ETHUSDT,2023
5719,short,-1.2561,False,0.2522,2.0311,ETHUSDT,2023
5768,short,-1.1612,False,0.5924,11.1844,ETHUSDT,2023
5823,short,1.7475,True,3.6308,0.014,ETHUSDT,2023
5888,short,-1.2103,False,1.0687,2.4139,ETHUSDT,2023
5959,short,-0.1749,False,2.5854,6.1552,ETHUSDT,2023
6010,short,-0.8571,False,0.1828,0.9955,ETHUSDT,2023
6351,short,-0.1386,False,0.6764,0.5826,ETHUSDT,2023
6400,short,-1.3024,False,5.9913,2.2372,ETHUSDT,2023
6447,short,-1.1445,False,0.1147,5.2592,ETHUSDT,2023
6807,short,0.3835,True,1.668,0.6598,ETHUSDT,2023
6855,short,-1.1257,False,0.029,3.3369,ETHUSDT,2023
6976,short,1.2675,True,2.375,0.2084,ETHUSDT,2023
7142,long,-1.059,False,2.4057,1.1426,ETHUSDT,2023
7233,long,-0.1341,False,1.9917,0.8946,ETHUSDT,2023
7256,long,-1.0466,False,0.3719,1.2144,ETHUSDT,2023
7360,long,1.064,True,1.6797,0.9584,ETHUSDT,2023
7477,long,-0.1117,False,2.6964,0.6265,ETHUSDT,2023
7552,long,-1.0713,False,0.0266,2.852,ETHUSDT,2023
7594,long,1.2761,True,2.8294,1.2253,ETHUSDT,2023
7646,long,1.1979,True,3.0588,0.3598,ETHUSDT,2023
7720,long,-1.0897,False,0.384,1.0677,ETHUSDT,2023
7743,long,1.6221,True,4.2602,0.0674,ETHUSDT,2023
7809,long,1.9044,True,2.9687,0.2398,ETHUSDT,2023
7957,long,1.3888,True,1.9887,0.4985,ETHUSDT,2023
8175,long,0.7516,True,1.3289,0.0946,ETHUSDT,2023
8319,long,1.2077,True,3.058,0.5596,ETHUSDT,2023
8391,long,-1.1047,False,0.3672,2.9122,ETHUSDT,2023
8504,long,1.4618,True,2.533,0.4183,ETHUSDT,2023
8649,long,4.7663,True,9.4187,0.1223,ETHUSDT,2023
8746,long,-1.0959,False,0.5832,2.4954,ETHUSDT,2023
231,long,-0.4098,False,0.9006,0.773,SOLUSDT,2023
470,long,5.334,True,11.3931,0.1148,SOLUSDT,2023
681,long,4.4428,True,6.1732,0.2364,SOLUSDT,2023
807,long,-1.0367,False,0.3151,1.0176,SOLUSDT,2023
898,long,-1.0577,False,2.4984,2.1466,SOLUSDT,2023
1665,short,-0.5041,False,0.7972,0.9261,SOLUSDT,2023
1863,long,-0.0372,False,3.0021,1.2496,SOLUSDT,2023
1909,long,-1.027,False,0.3529,1.3816,SOLUSDT,2023
1934,long,-1.0387,False,0.7375,3.3877,SOLUSDT,2023
1959,long,-1.0358,False,0.6365,2.473,SOLUSDT,2023
2343,short,1.2157,True,3.6869,0.0178,SOLUSDT,2023
2390,short,-1.1064,False,0.0117,14.8451,SOLUSDT,2023
2536,long,-0.0694,False,5.4359,0.1235,SOLUSDT,2023
2576,long,-0.0487,False,1.1278,1.1105,SOLUSDT,2023
2704,short,-0.0557,False,1.7151,1.4504,SOLUSDT,2023
2727,short,0.7719,True,1.4904,0.4881,SOLUSDT,2023
3471,short,-0.3202,False,0.614,0.7975,SOLUSDT,2023
3832,short,2.6581,True,16.6558,0.0028,SOLUSDT,2023
3927,short,-1.0295,False,0.0598,1.108,SOLUSDT,2023
3951,short,-1.0502,False,4.1471,1.0349,SOLUSDT,2023
4142,short,0.3702,True,0.7734,0.7162,SOLUSDT,2023
4191,short,-1.0265,False,0.5213,1.3511,SOLUSDT,2023
4238,short,1.3833,True,3.0239,0.1801,SOLUSDT,2023
4429,long,-0.0632,False,1.8833,1.3808,SOLUSDT,2023
4713,long,-1.0315,False,0.8873,1.1722,SOLUSDT,2023
4863,long,-1.0655,False,0.1502,4.9004,SOLUSDT,2023
5008,long,-1.0556,False,0.3129,1.3664,SOLUSDT,2023
5342,long,-1.0802,False,0.2121,1.621,SOLUSDT,2023
5366,long,2.4626,True,3.5802,0.1962,SOLUSDT,2023
5414,long,1.8394,True,3.8632,0.4763,SOLUSDT,2023
5560,short,-1.0742,False,2.7934,1.1776,SOLUSDT,2023
5655,short,-0.0524,False,1.7404,0.4593,SOLUSDT,2023
5798,short,0.3023,True,0.5877,0.038,SOLUSDT,2023
5869,short,-1.0771,False,1.4581,1.1233,SOLUSDT,2023
5889,short,-1.0875,False,0.9719,3.1612,SOLUSDT,2023
5918,short,-0.0709,False,1.8456,0.599,SOLUSDT,2023
5959,short,-0.0537,False,1.8722,0.5777,SOLUSDT,2023
6010,short,-0.0022,False,0.695,0.4742,SOLUSDT,2023
6182,short,-1.0576,False,0.7441,2.5052,SOLUSDT,2023
6207,short,-0.3,False,0.8739,0.6911,SOLUSDT,2023
6229,short,0.9439,True,2.2431,1.9496,SOLUSDT,2023
6470,short,-1.0387,False,0.2968,1.3311,SOLUSDT,2023
6661,long,-1.0476,False,0.4021,1.8559,SOLUSDT,2023
6687,long,-0.0447,False,1.5256,0.4168,SOLUSDT,2023
6729,long,-1.0698,False,0.3639,1.3034,SOLUSDT,2023
6736,long,-1.0678,False,0.1898,5.1287,SOLUSDT,2023
6801,long,-1.0586,False,0.1486,2.578,SOLUSDT,2023
6993,long,4.9024,True,7.5177,0.2415,SOLUSDT,2023
7231,long,0.7758,True,1.6646,0.2759,SOLUSDT,2023
7622,long,-1.02,False,1.0016,2.0389,SOLUSDT,2023
7761,long,-1.0374,False,0.4486,3.7032,SOLUSDT,2023
7813,long,1.2708,True,2.3623,0.7657,SOLUSDT,2023
7954,long,3.1575,True,3.301,0.3787,SOLUSDT,2023
8169,long,1.5848,True,5.6138,0.4303,SOLUSDT,2023
8650,long,-1.0242,False,0.0882,2.8118,SOLUSDT,2023
8745,long,-1.0385,False,0.2932,1.9594,SOLUSDT,2023
