asset,year,role,session,distance,activation,be,candidate,evidence,exit_config,n_entries,n_trades,entries_per_month,fill_rate,gate_pass,pf,wr,exp_r,avg_win,avg_loss,total_r,max_dd,freq,be_exits,reason_stop,reason_timeout
BTCUSDT,2022,candidate,dcv1_activo_15h,0.5,1.5,0.5,0.5 | 1.5 | 0.5,new,"Espacio 1 — Gestión multivariable (distance x activation x be simultáneos; atr_mult=1.5/atr_period=14/max_hold=20 fijos; sesión=dcv1_activo_15h única, sin control_8h)",119,118,9.98,0.992,False,0.758,23.7,-0.108,1.435,-0.589,-12.8,-8.03,9.9,0,114,4
BTCUSDT,2022,candidate,dcv1_activo_15h,0.5,1.5,1.0,0.5 | 1.5 | 1.0,new,"Espacio 1 — Gestión multivariable (distance x activation x be simultáneos; atr_mult=1.5/atr_period=14/max_hold=20 fijos; sesión=dcv1_activo_15h única, sin control_8h)",119,115,9.93,0.966,False,0.797,33.0,-0.111,1.316,-0.815,-12.75,-9.7,9.6,0,101,14
BTCUSDT,2022,candidate,dcv1_activo_15h,0.5,1.5,1.5,0.5 | 1.5 | 1.5,new,"Espacio 1 — Gestión multivariable (distance x activation x be simultáneos; atr_mult=1.5/atr_period=14/max_hold=20 fijos; sesión=dcv1_activo_15h única, sin control_8h)",119,115,9.93,0.966,False,0.876,40.9,-0.072,1.251,-0.987,-8.32,-8.72,9.6,0,93,22
BTCUSDT,2022,candidate,dcv1_activo_15h,0.5,2.0,0.5,0.5 | 2.0 | 0.5,new,"Espacio 1 — Gestión multivariable (distance x activation x be simultáneos; atr_mult=1.5/atr_period=14/max_hold=20 fijos; sesión=dcv1_activo_15h única, sin control_8h)",119,118,9.98,0.992,False,0.673,16.1,-0.15,1.915,-0.546,-17.65,-10.3,9.9,0,113,5
BTCUSDT,2022,candidate,dcv1_activo_15h,0.5,2.0,1.0,0.5 | 2.0 | 1.0,replica,"Espacio 1 — Gestión multivariable (distance x activation x be simultáneos; atr_mult=1.5/atr_period=14/max_hold=20 fijos; sesión=dcv1_activo_15h única, sin control_8h)",119,115,9.93,0.966,False,0.809,27.0,-0.106,1.66,-0.757,-12.16,-9.74,9.6,0,99,16
BTCUSDT,2022,candidate,dcv1_activo_15h,0.5,2.0,1.5,0.5 | 2.0 | 1.5,new,"Espacio 1 — Gestión multivariable (distance x activation x be simultáneos; atr_mult=1.5/atr_period=14/max_hold=20 fijos; sesión=dcv1_activo_15h única, sin control_8h)",119,115,9.93,0.966,False,0.875,34.8,-0.074,1.487,-0.907,-8.51,-9.32,9.6,0,90,25
BTCUSDT,2022,candidate,dcv1_activo_15h,0.5,2.5,0.5,0.5 | 2.5 | 0.5,new,"Espacio 1 — Gestión multivariable (distance x activation x be simultáneos; atr_mult=1.5/atr_period=14/max_hold=20 fijos; sesión=dcv1_activo_15h única, sin control_8h)",119,118,9.98,0.992,False,0.7,15.3,-0.137,2.105,-0.541,-16.22,-10.15,9.9,0,109,9
BTCUSDT,2022,candidate,dcv1_activo_15h,0.5,2.5,1.0,0.5 | 2.5 | 1.0,new,"Espacio 1 — Gestión multivariable (distance x activation x be simultáneos; atr_mult=1.5/atr_period=14/max_hold=20 fijos; sesión=dcv1_activo_15h única, sin control_8h)",119,115,9.93,0.966,False,0.806,25.2,-0.107,1.774,-0.742,-12.36,-10.38,9.6,0,95,20
BTCUSDT,2022,candidate,dcv1_activo_15h,0.5,2.5,1.5,0.5 | 2.5 | 1.5,new,"Espacio 1 — Gestión multivariable (distance x activation x be simultáneos; atr_mult=1.5/atr_period=14/max_hold=20 fijos; sesión=dcv1_activo_15h única, sin control_8h)",119,115,9.93,0.966,False,0.922,33.0,-0.046,1.653,-0.885,-5.33,-8.45,9.6,0,86,29
BTCUSDT,2022,candidate,dcv1_activo_15h,0.75,1.5,0.5,0.75 | 1.5 | 0.5,new,"Espacio 1 — Gestión multivariable (distance x activation x be simultáneos; atr_mult=1.5/atr_period=14/max_hold=20 fijos; sesión=dcv1_activo_15h única, sin control_8h)",119,118,9.98,0.992,False,0.669,23.7,-0.148,1.266,-0.589,-17.52,-9.17,9.9,0,114,4
BTCUSDT,2022,candidate,dcv1_activo_15h,0.75,1.5,1.0,0.75 | 1.5 | 1.0,new,"Espacio 1 — Gestión multivariable (distance x activation x be simultáneos; atr_mult=1.5/atr_period=14/max_hold=20 fijos; sesión=dcv1_activo_15h única, sin control_8h)",119,115,9.93,0.966,False,0.758,33.0,-0.132,1.251,-0.815,-15.18,-9.28,9.6,0,101,14
BTCUSDT,2022,candidate,dcv1_activo_15h,0.75,1.5,1.5,0.75 | 1.5 | 1.5,new,"Espacio 1 — Gestión multivariable (distance x activation x be simultáneos; atr_mult=1.5/atr_period=14/max_hold=20 fijos; sesión=dcv1_activo_15h única, sin control_8h)",119,115,9.93,0.966,False,0.829,40.9,-0.1,1.183,-0.987,-11.49,-8.51,9.6,0,93,22
BTCUSDT,2022,candidate,dcv1_activo_15h,0.75,2.0,0.5,0.75 | 2.0 | 0.5,new,"Espacio 1 — Gestión multivariable (distance x activation x be simultáneos; atr_mult=1.5/atr_period=14/max_hold=20 fijos; sesión=dcv1_activo_15h única, sin control_8h)",119,118,9.98,0.992,False,0.602,16.1,-0.182,1.712,-0.546,-21.51,-11.7,9.9,0,113,5
BTCUSDT,2022,candidate,dcv1_activo_15h,0.75,2.0,1.0,0.75 | 2.0 | 1.0,new,"Espacio 1 — Gestión multivariable (distance x activation x be simultáneos; atr_mult=1.5/atr_period=14/max_hold=20 fijos; sesión=dcv1_activo_15h única, sin control_8h)",119,115,9.93,0.966,False,0.729,27.0,-0.15,1.495,-0.757,-17.27,-11.34,9.6,0,99,16
BTCUSDT,2022,candidate,dcv1_activo_15h,0.75,2.0,1.5,0.75 | 2.0 | 1.5,new,"Espacio 1 — Gestión multivariable (distance x activation x be simultáneos; atr_mult=1.5/atr_period=14/max_hold=20 fijos; sesión=dcv1_activo_15h única, sin control_8h)",119,115,9.93,0.966,False,0.793,34.8,-0.123,1.347,-0.907,-14.11,-11.03,9.6,0,90,25
BTCUSDT,2022,candidate,dcv1_activo_15h,0.75,2.5,0.5,0.75 | 2.5 | 0.5,new,"Espacio 1 — Gestión multivariable (distance x activation x be simultáneos; atr_mult=1.5/atr_period=14/max_hold=20 fijos; sesión=dcv1_activo_15h única, sin control_8h)",119,118,9.98,0.992,False,0.651,15.3,-0.16,1.958,-0.541,-18.88,-10.99,9.9,0,109,9
BTCUSDT,2022,candidate,dcv1_activo_15h,0.75,2.5,1.0,0.75 | 2.5 | 1.0,new,"Espacio 1 — Gestión multivariable (distance x activation x be simultáneos; atr_mult=1.5/atr_period=14/max_hold=20 fijos; sesión=dcv1_activo_15h única, sin control_8h)",119,115,9.93,0.966,False,0.749,25.2,-0.139,1.648,-0.742,-16.01,-11.44,9.6,0,95,20
BTCUSDT,2022,candidate,dcv1_activo_15h,0.75,2.5,1.5,0.75 | 2.5 | 1.5,new,"Espacio 1 — Gestión multivariable (distance x activation x be simultáneos; atr_mult=1.5/atr_period=14/max_hold=20 fijos; sesión=dcv1_activo_15h única, sin control_8h)",119,115,9.93,0.966,False,0.857,33.0,-0.085,1.537,-0.885,-9.74,-9.75,9.6,0,86,29
BTCUSDT,2022,candidate,dcv1_activo_15h,1.0,1.5,0.5,1.0 | 1.5 | 0.5,new,"Espacio 1 — Gestión multivariable (distance x activation x be simultáneos; atr_mult=1.5/atr_period=14/max_hold=20 fijos; sesión=dcv1_activo_15h única, sin control_8h)",119,118,9.98,0.992,False,0.568,23.7,-0.194,1.075,-0.589,-22.87,-10.91,9.9,0,114,4
BTCUSDT,2022,candidate,dcv1_activo_15h,1.0,1.5,1.0,1.0 | 1.5 | 1.0,replica,"Espacio 1 — Gestión multivariable (distance x activation x be simultáneos; atr_mult=1.5/atr_period=14/max_hold=20 fijos; sesión=dcv1_activo_15h única, sin control_8h)",119,115,9.93,0.966,False,0.666,33.0,-0.182,1.1,-0.815,-20.95,-10.64,9.6,0,101,14
BTCUSDT,2022,candidate,dcv1_activo_15h,1.0,1.5,1.5,1.0 | 1.5 | 1.5,new,"Espacio 1 — Gestión multivariable (distance x activation x be simultáneos; atr_mult=1.5/atr_period=14/max_hold=20 fijos; sesión=dcv1_activo_15h única, sin control_8h)",119,115,9.93,0.966,False,0.728,40.9,-0.159,1.039,-0.987,-18.26,-10.42,9.6,0,93,22
BTCUSDT,2022,candidate,dcv1_activo_15h,1.0,2.0,0.5,1.0 | 2.0 | 0.5,replica,"Espacio 1 — Gestión multivariable (distance x activation x be simultáneos; atr_mult=1.5/atr_period=14/max_hold=20 fijos; sesión=dcv1_activo_15h única, sin control_8h)",119,118,9.98,0.992,False,0.558,16.1,-0.202,1.587,-0.546,-23.88,-12.76,9.9,0,113,5
BTCUSDT,2022,anchor,dcv1_activo_15h,1.0,2.0,1.0,1.0 | 2.0 | 1.0,replica,"Espacio 1 — Gestión multivariable (distance x activation x be simultáneos; atr_mult=1.5/atr_period=14/max_hold=20 fijos; sesión=dcv1_activo_15h única, sin control_8h)",119,115,9.93,0.966,False,0.681,27.0,-0.177,1.397,-0.757,-20.31,-12.27,9.6,0,99,16
BTCUSDT,2022,candidate,dcv1_activo_15h,1.0,2.0,1.5,1.0 | 2.0 | 1.5,replica,"Espacio 1 — Gestión multivariable (distance x activation x be simultáneos; atr_mult=1.5/atr_period=14/max_hold=20 fijos; sesión=dcv1_activo_15h única, sin control_8h)",119,115,9.93,0.966,False,0.737,34.8,-0.156,1.252,-0.907,-17.9,-12.19,9.6,0,90,25
BTCUSDT,2022,candidate,dcv1_activo_15h,1.0,2.5,0.5,1.0 | 2.5 | 0.5,new,"Espacio 1 — Gestión multivariable (distance x activation x be simultáneos; atr_mult=1.5/atr_period=14/max_hold=20 fijos; sesión=dcv1_activo_15h única, sin control_8h)",119,118,9.98,0.992,False,0.601,15.3,-0.183,1.808,-0.541,-21.58,-11.87,9.9,0,109,9
BTCUSDT,2022,candidate,dcv1_activo_15h,1.0,2.5,1.0,1.0 | 2.5 | 1.0,replica,"Espacio 1 — Gestión multivariable (distance x activation x be simultáneos; atr_mult=1.5/atr_period=14/max_hold=20 fijos; sesión=dcv1_activo_15h única, sin control_8h)",119,115,9.93,0.966,False,0.7,25.2,-0.166,1.54,-0.742,-19.13,-12.27,9.6,0,95,20
BTCUSDT,2022,candidate,dcv1_activo_15h,1.0,2.5,1.5,1.0 | 2.5 | 1.5,new,"Espacio 1 — Gestión multivariable (distance x activation x be simultáneos; atr_mult=1.5/atr_period=14/max_hold=20 fijos; sesión=dcv1_activo_15h única, sin control_8h)",119,115,9.93,0.966,False,0.8,33.0,-0.118,1.436,-0.885,-13.6,-10.82,9.6,0,86,29
BTCUSDT,2022,candidate,dcv1_activo_15h,1.5,1.5,0.5,1.5 | 1.5 | 0.5,new,"Espacio 1 — Gestión multivariable (distance x activation x be simultáneos; atr_mult=1.5/atr_period=14/max_hold=20 fijos; sesión=dcv1_activo_15h única, sin control_8h)",119,118,9.98,0.992,False,0.717,23.7,-0.127,1.357,-0.589,-15.0,-10.6,9.9,0,109,9
BTCUSDT,2022,candidate,dcv1_activo_15h,1.5,1.5,1.0,1.5 | 1.5 | 1.0,new,"Espacio 1 — Gestión multivariable (distance x activation x be simultáneos; atr_mult=1.5/atr_period=14/max_hold=20 fijos; sesión=dcv1_activo_15h única, sin control_8h)",119,115,9.93,0.966,False,0.818,33.0,-0.099,1.35,-0.815,-11.44,-11.27,9.6,0,95,20
BTCUSDT,2022,candidate,dcv1_activo_15h,1.5,1.5,1.5,1.5 | 1.5 | 1.5,new,"Espacio 1 — Gestión multivariable (distance x activation x be simultáneos; atr_mult=1.5/atr_period=14/max_hold=20 fijos; sesión=dcv1_activo_15h única, sin control_8h)",119,115,9.93,0.966,False,0.902,40.9,-0.057,1.288,-0.987,-6.59,-9.94,9.6,0,87,28
BTCUSDT,2022,candidate,dcv1_activo_15h,1.5,2.0,0.5,1.5 | 2.0 | 0.5,new,"Espacio 1 — Gestión multivariable (distance x activation x be simultáneos; atr_mult=1.5/atr_period=14/max_hold=20 fijos; sesión=dcv1_activo_15h única, sin control_8h)",119,118,9.98,0.992,False,0.685,16.1,-0.144,1.948,-0.546,-17.02,-10.99,9.9,0,108,10
BTCUSDT,2022,candidate,dcv1_activo_15h,1.5,2.0,1.0,1.5 | 2.0 | 1.0,replica,"Espacio 1 — Gestión multivariable (distance x activation x be simultáneos; atr_mult=1.5/atr_period=14/max_hold=20 fijos; sesión=dcv1_activo_15h única, sin control_8h)",119,115,9.93,0.966,False,0.795,27.0,-0.113,1.632,-0.757,-13.04,-11.55,9.6,0,94,21
BTCUSDT,2022,candidate,dcv1_activo_15h,1.5,2.0,1.5,1.5 | 2.0 | 1.5,new,"Espacio 1 — Gestión multivariable (distance x activation x be simultáneos; atr_mult=1.5/atr_period=14/max_hold=20 fijos; sesión=dcv1_activo_15h única, sin control_8h)",119,115,9.93,0.966,False,0.883,34.8,-0.069,1.501,-0.907,-7.97,-10.13,9.6,0,85,30
BTCUSDT,2022,candidate,dcv1_activo_15h,1.5,2.5,0.5,1.5 | 2.5 | 0.5,new,"Espacio 1 — Gestión multivariable (distance x activation x be simultáneos; atr_mult=1.5/atr_period=14/max_hold=20 fijos; sesión=dcv1_activo_15h única, sin control_8h)",119,118,9.98,0.992,False,0.709,15.3,-0.133,2.133,-0.541,-15.73,-10.37,9.9,0,105,13
BTCUSDT,2022,candidate,dcv1_activo_15h,1.5,2.5,1.0,1.5 | 2.5 | 1.0,new,"Espacio 1 — Gestión multivariable (distance x activation x be simultáneos; atr_mult=1.5/atr_period=14/max_hold=20 fijos; sesión=dcv1_activo_15h única, sin control_8h)",119,115,9.93,0.966,False,0.806,25.2,-0.108,1.773,-0.742,-12.38,-11.1,9.6,0,91,24
BTCUSDT,2022,candidate,dcv1_activo_15h,1.5,2.5,1.5,1.5 | 2.5 | 1.5,new,"Espacio 1 — Gestión multivariable (distance x activation x be simultáneos; atr_mult=1.5/atr_period=14/max_hold=20 fijos; sesión=dcv1_activo_15h única, sin control_8h)",119,115,9.93,0.966,False,0.893,33.0,-0.064,1.601,-0.885,-7.3,-9.66,9.6,0,82,33
ETHUSDT,2022,candidate,dcv1_activo_15h,0.5,1.5,0.5,0.5 | 1.5 | 0.5,new,"Espacio 1 — Gestión multivariable (distance x activation x be simultáneos; atr_mult=1.5/atr_period=14/max_hold=20 fijos; sesión=dcv1_activo_15h única, sin control_8h)",113,107,9.5,0.947,False,1.082,28.0,0.032,1.506,-0.542,3.44,-5.63,9.0,0,102,5
ETHUSDT,2022,candidate,dcv1_activo_15h,0.5,1.5,1.0,0.5 | 1.5 | 1.0,new,"Espacio 1 — Gestión multivariable (distance x activation x be simultáneos; atr_mult=1.5/atr_period=14/max_hold=20 fijos; sesión=dcv1_activo_15h única, sin control_8h)",113,107,9.5,0.947,False,1.115,42.1,0.057,1.307,-0.851,6.05,-5.67,9.0,0,90,17
ETHUSDT,2022,candidate,dcv1_activo_15h,0.5,1.5,1.5,0.5 | 1.5 | 1.5,new,"Espacio 1 — Gestión multivariable (distance x activation x be simultáneos; atr_mult=1.5/atr_period=14/max_hold=20 fijos; sesión=dcv1_activo_15h única, sin control_8h)",113,107,9.5,0.947,False,1.18,48.6,0.093,1.256,-1.007,9.94,-3.79,9.0,0,87,20
ETHUSDT,2022,candidate,dcv1_activo_15h,0.5,2.0,0.5,0.5 | 2.0 | 0.5,new,"Espacio 1 — Gestión multivariable (distance x activation x be simultáneos; atr_mult=1.5/atr_period=14/max_hold=20 fijos; sesión=dcv1_activo_15h única, sin control_8h)",113,107,9.5,0.947,False,1.063,22.4,0.025,1.867,-0.508,2.65,-6.46,9.0,0,98,9
ETHUSDT,2022,candidate,dcv1_activo_15h,0.5,2.0,1.0,0.5 | 2.0 | 1.0,replica,"Espacio 1 — Gestión multivariable (distance x activation x be simultáneos; atr_mult=1.5/atr_period=14/max_hold=20 fijos; sesión=dcv1_activo_15h única, sin control_8h)",113,107,9.5,0.947,False,1.051,34.6,0.026,1.515,-0.762,2.74,-7.22,9.0,0,85,22
ETHUSDT,2022,candidate,dcv1_activo_15h,0.5,2.0,1.5,0.5 | 2.0 | 1.5,new,"Espacio 1 — Gestión multivariable (distance x activation x be simultáneos; atr_mult=1.5/atr_period=14/max_hold=20 fijos; sesión=dcv1_activo_15h única, sin control_8h)",113,107,9.5,0.947,False,1.165,41.1,0.086,1.48,-0.887,9.22,-3.63,9.0,0,81,26
ETHUSDT,2022,candidate,dcv1_activo_15h,0.5,2.5,0.5,0.5 | 2.5 | 0.5,new,"Espacio 1 — Gestión multivariable (distance x activation x be simultáneos; atr_mult=1.5/atr_period=14/max_hold=20 fijos; sesión=dcv1_activo_15h única, sin control_8h)",113,107,9.5,0.947,False,1.092,21.5,0.036,2.005,-0.502,3.9,-5.44,9.0,0,94,13
ETHUSDT,2022,candidate,dcv1_activo_15h,0.5,2.5,1.0,0.5 | 2.5 | 1.0,new,"Espacio 1 — Gestión multivariable (distance x activation x be simultáneos; atr_mult=1.5/atr_period=14/max_hold=20 fijos; sesión=dcv1_activo_15h única, sin control_8h)",113,107,9.5,0.947,False,1.041,32.7,0.02,1.589,-0.742,2.17,-6.21,9.0,0,81,26
ETHUSDT,2022,candidate,dcv1_activo_15h,0.5,2.5,1.5,0.5 | 2.5 | 1.5,new,"Espacio 1 — Gestión multivariable (distance x activation x be simultáneos; atr_mult=1.5/atr_period=14/max_hold=20 fijos; sesión=dcv1_activo_15h única, sin control_8h)",113,107,9.5,0.947,False,1.139,39.3,0.073,1.519,-0.862,7.77,-3.69,9.0,0,76,31
ETHUSDT,2022,candidate,dcv1_activo_15h,0.75,1.5,0.5,0.75 | 1.5 | 0.5,new,"Espacio 1 — Gestión multivariable (distance x activation x be simultáneos; atr_mult=1.5/atr_period=14/max_hold=20 fijos; sesión=dcv1_activo_15h única, sin control_8h)",113,107,9.5,0.947,False,1.074,28.0,0.029,1.494,-0.542,3.09,-5.12,9.0,0,101,6
ETHUSDT,2022,candidate,dcv1_activo_15h,0.75,1.5,1.0,0.75 | 1.5 | 1.0,new,"Espacio 1 — Gestión multivariable (distance x activation x be simultáneos; atr_mult=1.5/atr_period=14/max_hold=20 fijos; sesión=dcv1_activo_15h única, sin control_8h)",113,107,9.5,0.947,False,1.092,42.1,0.045,1.281,-0.851,4.86,-5.38,9.0,0,88,19
ETHUSDT,2022,candidate,dcv1_activo_15h,0.75,1.5,1.5,0.75 | 1.5 | 1.5,new,"Espacio 1 — Gestión multivariable (distance x activation x be simultáneos; atr_mult=1.5/atr_period=14/max_hold=20 fijos; sesión=dcv1_activo_15h única, sin control_8h)",113,107,9.5,0.947,False,1.203,48.6,0.105,1.281,-1.007,11.26,-3.05,9.0,0,84,23
ETHUSDT,2022,candidate,dcv1_activo_15h,0.75,2.0,0.5,0.75 | 2.0 | 0.5,new,"Espacio 1 — Gestión multivariable (distance x activation x be simultáneos; atr_mult=1.5/atr_period=14/max_hold=20 fijos; sesión=dcv1_activo_15h única, sin control_8h)",113,107,9.5,0.947,False,1.069,22.4,0.027,1.878,-0.508,2.9,-5.83,9.0,0,97,10
ETHUSDT,2022,candidate,dcv1_activo_15h,0.75,2.0,1.0,0.75 | 2.0 | 1.0,new,"Espacio 1 — Gestión multivariable (distance x activation x be simultáneos; atr_mult=1.5/atr_period=14/max_hold=20 fijos; sesión=dcv1_activo_15h única, sin control_8h)",113,107,9.5,0.947,False,1.047,34.6,0.023,1.508,-0.762,2.49,-6.59,9.0,0,84,23
ETHUSDT,2022,candidate,dcv1_activo_15h,0.75,2.0,1.5,0.75 | 2.0 | 1.5,new,"Espacio 1 — Gestión multivariable (distance x activation x be simultáneos; atr_mult=1.5/atr_period=14/max_hold=20 fijos; sesión=dcv1_activo_15h única, sin control_8h)",113,107,9.5,0.947,False,1.164,41.1,0.086,1.479,-0.887,9.16,-3.74,9.0,0,79,28
ETHUSDT,2022,candidate,dcv1_activo_15h,0.75,2.5,0.5,0.75 | 2.5 | 0.5,new,"Espacio 1 — Gestión multivariable (distance x activation x be simultáneos; atr_mult=1.5/atr_period=14/max_hold=20 fijos; sesión=dcv1_activo_15h única, sin control_8h)",113,107,9.5,0.947,False,1.063,21.5,0.025,1.951,-0.502,2.67,-5.65,9.0,0,93,14
ETHUSDT,2022,candidate,dcv1_activo_15h,0.75,2.5,1.0,0.75 | 2.5 | 1.0,new,"Espacio 1 — Gestión multivariable (distance x activation x be simultáneos; atr_mult=1.5/atr_period=14/max_hold=20 fijos; sesión=dcv1_activo_15h única, sin control_8h)",113,107,9.5,0.947,False,1.013,32.7,0.006,1.547,-0.742,0.69,-6.41,9.0,0,80,27
ETHUSDT,2022,candidate,dcv1_activo_15h,0.75,2.5,1.5,0.75 | 2.5 | 1.5,new,"Espacio 1 — Gestión multivariable (distance x activation x be simultáneos; atr_mult=1.5/atr_period=14/max_hold=20 fijos; sesión=dcv1_activo_15h única, sin control_8h)",113,107,9.5,0.947,False,1.12,39.3,0.063,1.494,-0.862,6.72,-3.81,9.0,0,74,33
ETHUSDT,2022,candidate,dcv1_activo_15h,1.0,1.5,0.5,1.0 | 1.5 | 0.5,new,"Espacio 1 — Gestión multivariable (distance x activation x be simultáneos; atr_mult=1.5/atr_period=14/max_hold=20 fijos; sesión=dcv1_activo_15h única, sin control_8h)",113,107,9.5,0.947,False,1.033,28.0,0.013,1.437,-0.542,1.36,-6.15,9.0,0,100,7
ETHUSDT,2022,candidate,dcv1_activo_15h,1.0,1.5,1.0,1.0 | 1.5 | 1.0,replica,"Espacio 1 — Gestión multivariable (distance x activation x be simultáneos; atr_mult=1.5/atr_period=14/max_hold=20 fijos; sesión=dcv1_activo_15h única, sin control_8h)",113,107,9.5,0.947,False,1.04,42.1,0.02,1.22,-0.851,2.13,-5.78,9.0,0,87,20
ETHUSDT,2022,candidate,dcv1_activo_15h,1.0,1.5,1.5,1.0 | 1.5 | 1.5,new,"Espacio 1 — Gestión multivariable (distance x activation x be simultáneos; atr_mult=1.5/atr_period=14/max_hold=20 fijos; sesión=dcv1_activo_15h única, sin control_8h)",113,107,9.5,0.947,False,1.15,48.6,0.078,1.224,-1.007,8.29,-3.19,9.0,0,82,25
ETHUSDT,2022,candidate,dcv1_activo_15h,1.0,2.0,0.5,1.0 | 2.0 | 0.5,replica,"Espacio 1 — Gestión multivariable (distance x activation x be simultáneos; atr_mult=1.5/atr_period=14/max_hold=20 fijos; sesión=dcv1_activo_15h única, sin control_8h)",113,107,9.5,0.947,False,1.063,22.4,0.025,1.868,-0.508,2.66,-5.98,9.0,0,96,11
ETHUSDT,2022,anchor,dcv1_activo_15h,1.0,2.0,1.0,1.0 | 2.0 | 1.0,replica,"Espacio 1 — Gestión multivariable (distance x activation x be simultáneos; atr_mult=1.5/atr_period=14/max_hold=20 fijos; sesión=dcv1_activo_15h única, sin control_8h)",113,107,9.5,0.947,False,1.033,34.6,0.016,1.488,-0.762,1.75,-6.74,9.0,0,83,24
ETHUSDT,2022,candidate,dcv1_activo_15h,1.0,2.0,1.5,1.0 | 2.0 | 1.5,replica,"Espacio 1 — Gestión multivariable (distance x activation x be simultáneos; atr_mult=1.5/atr_period=14/max_hold=20 fijos; sesión=dcv1_activo_15h única, sin control_8h)",113,107,9.5,0.947,False,1.142,41.1,0.074,1.45,-0.887,7.92,-3.96,9.0,0,78,29
ETHUSDT,2022,candidate,dcv1_activo_15h,1.0,2.5,0.5,1.0 | 2.5 | 0.5,new,"Espacio 1 — Gestión multivariable (distance x activation x be simultáneos; atr_mult=1.5/atr_period=14/max_hold=20 fijos; sesión=dcv1_activo_15h única, sin control_8h)",113,107,9.5,0.947,False,1.02,21.5,0.008,1.872,-0.502,0.86,-6.0,9.0,0,93,14
ETHUSDT,2022,candidate,dcv1_activo_15h,1.0,2.5,1.0,1.0 | 2.5 | 1.0,replica,"Espacio 1 — Gestión multivariable (distance x activation x be simultáneos; atr_mult=1.5/atr_period=14/max_hold=20 fijos; sesión=dcv1_activo_15h única, sin control_8h)",113,107,9.5,0.947,False,0.974,32.7,-0.013,1.487,-0.742,-1.38,-6.76,9.0,0,80,27
ETHUSDT,2022,candidate,dcv1_activo_15h,1.0,2.5,1.5,1.0 | 2.5 | 1.5,new,"Espacio 1 — Gestión multivariable (distance x activation x be simultáneos; atr_mult=1.5/atr_period=14/max_hold=20 fijos; sesión=dcv1_activo_15h única, sin control_8h)",113,107,9.5,0.947,False,1.079,39.3,0.041,1.439,-0.862,4.4,-4.16,9.0,0,74,33
ETHUSDT,2022,candidate,dcv1_activo_15h,1.5,1.5,0.5,1.5 | 1.5 | 0.5,new,"Espacio 1 — Gestión multivariable (distance x activation x be simultáneos; atr_mult=1.5/atr_period=14/max_hold=20 fijos; sesión=dcv1_activo_15h única, sin control_8h)",113,107,9.5,0.947,False,1.126,28.0,0.049,1.567,-0.542,5.28,-5.65,9.0,0,93,14
ETHUSDT,2022,candidate,dcv1_activo_15h,1.5,1.5,1.0,1.5 | 1.5 | 1.0,new,"Espacio 1 — Gestión multivariable (distance x activation x be simultáneos; atr_mult=1.5/atr_period=14/max_hold=20 fijos; sesión=dcv1_activo_15h única, sin control_8h)",113,107,9.5,0.947,False,1.08,42.1,0.039,1.266,-0.851,4.21,-6.06,9.0,0,80,27
ETHUSDT,2022,candidate,dcv1_activo_15h,1.5,1.5,1.5,1.5 | 1.5 | 1.5,new,"Espacio 1 — Gestión multivariable (distance x activation x be simultáneos; atr_mult=1.5/atr_period=14/max_hold=20 fijos; sesión=dcv1_activo_15h única, sin control_8h)",113,107,9.5,0.947,False,1.178,48.6,0.092,1.255,-1.007,9.88,-3.77,9.0,0,74,33
ETHUSDT,2022,candidate,dcv1_activo_15h,1.5,2.0,0.5,1.5 | 2.0 | 0.5,new,"Espacio 1 — Gestión multivariable (distance x activation x be simultáneos; atr_mult=1.5/atr_period=14/max_hold=20 fijos; sesión=dcv1_activo_15h única, sin control_8h)",113,107,9.5,0.947,False,1.133,22.4,0.052,1.99,-0.508,5.61,-5.66,9.0,0,91,16
ETHUSDT,2022,candidate,dcv1_activo_15h,1.5,2.0,1.0,1.5 | 2.0 | 1.0,replica,"Espacio 1 — Gestión multivariable (distance x activation x be simultáneos; atr_mult=1.5/atr_period=14/max_hold=20 fijos; sesión=dcv1_activo_15h única, sin control_8h)",113,107,9.5,0.947,False,1.069,34.6,0.035,1.541,-0.762,3.7,-6.42,9.0,0,78,29
ETHUSDT,2022,candidate,dcv1_activo_15h,1.5,2.0,1.5,1.5 | 2.0 | 1.5,new,"Espacio 1 — Gestión multivariable (distance x activation x be simultáneos; atr_mult=1.5/atr_period=14/max_hold=20 fijos; sesión=dcv1_activo_15h única, sin control_8h)",113,107,9.5,0.947,False,1.168,41.1,0.088,1.483,-0.887,9.37,-4.14,9.0,0,72,35
ETHUSDT,2022,candidate,dcv1_activo_15h,1.5,2.5,0.5,1.5 | 2.5 | 0.5,new,"Espacio 1 — Gestión multivariable (distance x activation x be simultáneos; atr_mult=1.5/atr_period=14/max_hold=20 fijos; sesión=dcv1_activo_15h única, sin control_8h)",113,107,9.5,0.947,False,1.11,21.5,0.043,2.037,-0.502,4.64,-5.66,9.0,0,89,18
ETHUSDT,2022,candidate,dcv1_activo_15h,1.5,2.5,1.0,1.5 | 2.5 | 1.0,new,"Espacio 1 — Gestión multivariable (distance x activation x be simultáneos; atr_mult=1.5/atr_period=14/max_hold=20 fijos; sesión=dcv1_activo_15h única, sin control_8h)",113,107,9.5,0.947,False,1.036,32.7,0.018,1.581,-0.742,1.91,-6.42,9.0,0,76,31
ETHUSDT,2022,candidate,dcv1_activo_15h,1.5,2.5,1.5,1.5 | 2.5 | 1.5,new,"Espacio 1 — Gestión multivariable (distance x activation x be simultáneos; atr_mult=1.5/atr_period=14/max_hold=20 fijos; sesión=dcv1_activo_15h única, sin control_8h)",113,107,9.5,0.947,False,1.137,39.3,0.072,1.517,-0.862,7.7,-4.09,9.0,0,69,38
SOLUSDT,2022,candidate,dcv1_activo_15h,0.5,1.5,0.5,0.5 | 1.5 | 0.5,new,"Espacio 1 — Gestión multivariable (distance x activation x be simultáneos; atr_mult=1.5/atr_period=14/max_hold=20 fijos; sesión=dcv1_activo_15h única, sin control_8h)",107,105,8.97,0.981,False,1.164,22.9,0.05,1.564,-0.398,5.3,-3.84,8.8,0,103,2
SOLUSDT,2022,candidate,dcv1_activo_15h,0.5,1.5,1.0,0.5 | 1.5 | 1.0,new,"Espacio 1 — Gestión multivariable (distance x activation x be simultáneos; atr_mult=1.5/atr_period=14/max_hold=20 fijos; sesión=dcv1_activo_15h única, sin control_8h)",107,103,8.93,0.963,False,1.029,35.9,0.014,1.36,-0.74,1.44,-6.01,8.6,0,91,12
SOLUSDT,2022,candidate,dcv1_activo_15h,0.5,1.5,1.5,0.5 | 1.5 | 1.5,new,"Espacio 1 — Gestión multivariable (distance x activation x be simultáneos; atr_mult=1.5/atr_period=14/max_hold=20 fijos; sesión=dcv1_activo_15h única, sin control_8h)",107,103,8.93,0.963,False,1.155,44.7,0.079,1.313,-0.917,8.09,-6.04,8.6,0,84,19
SOLUSDT,2022,candidate,dcv1_activo_15h,0.5,2.0,0.5,0.5 | 2.0 | 0.5,new,"Espacio 1 — Gestión multivariable (distance x activation x be simultáneos; atr_mult=1.5/atr_period=14/max_hold=20 fijos; sesión=dcv1_activo_15h única, sin control_8h)",107,105,8.97,0.981,False,1.41,20.0,0.126,2.173,-0.385,13.27,-3.08,8.8,0,100,5
SOLUSDT,2022,candidate,dcv1_activo_15h,0.5,2.0,1.0,0.5 | 2.0 | 1.0,replica,"Espacio 1 — Gestión multivariable (distance x activation x be simultáneos; atr_mult=1.5/atr_period=14/max_hold=20 fijos; sesión=dcv1_activo_15h única, sin control_8h)",107,103,8.93,0.963,False,1.175,31.1,0.084,1.803,-0.691,8.61,-4.25,8.6,0,87,16
SOLUSDT,2022,candidate,dcv1_activo_15h,0.5,2.0,1.5,0.5 | 2.0 | 1.5,new,"Espacio 1 — Gestión multivariable (distance x activation x be simultáneos; atr_mult=1.5/atr_period=14/max_hold=20 fijos; sesión=dcv1_activo_15h única, sin control_8h)",107,103,8.93,0.963,False,1.26,38.8,0.133,1.656,-0.834,13.67,-4.04,8.6,0,79,24
SOLUSDT,2022,candidate,dcv1_activo_15h,0.5,2.5,0.5,0.5 | 2.5 | 0.5,new,"Espacio 1 — Gestión multivariable (distance x activation x be simultáneos; atr_mult=1.5/atr_period=14/max_hold=20 fijos; sesión=dcv1_activo_15h única, sin control_8h)",107,105,8.97,0.981,False,1.487,19.0,0.15,2.412,-0.382,15.8,-3.0,8.8,0,97,8
SOLUSDT,2022,candidate,dcv1_activo_15h,0.5,2.5,1.0,0.5 | 2.5 | 1.0,new,"Espacio 1 — Gestión multivariable (distance x activation x be simultáneos; atr_mult=1.5/atr_period=14/max_hold=20 fijos; sesión=dcv1_activo_15h única, sin control_8h)",107,103,8.93,0.963,False,1.21,29.1,0.1,1.985,-0.674,10.34,-3.36,8.6,0,83,20
SOLUSDT,2022,candidate,dcv1_activo_15h,0.5,2.5,1.5,0.5 | 2.5 | 1.5,new,"Espacio 1 — Gestión multivariable (distance x activation x be simultáneos; atr_mult=1.5/atr_period=14/max_hold=20 fijos; sesión=dcv1_activo_15h única, sin control_8h)",107,103,8.93,0.963,False,1.292,36.9,0.149,1.791,-0.81,15.4,-3.54,8.6,0,75,28
SOLUSDT,2022,candidate,dcv1_activo_15h,0.75,1.5,0.5,0.75 | 1.5 | 0.5,new,"Espacio 1 — Gestión multivariable (distance x activation x be simultáneos; atr_mult=1.5/atr_period=14/max_hold=20 fijos; sesión=dcv1_activo_15h única, sin control_8h)",107,105,8.97,0.981,False,1.092,22.9,0.028,1.467,-0.398,2.98,-4.74,8.8,0,102,3
SOLUSDT,2022,candidate,dcv1_activo_15h,0.75,1.5,1.0,0.75 | 1.5 | 1.0,new,"Espacio 1 — Gestión multivariable (distance x activation x be simultáneos; atr_mult=1.5/atr_period=14/max_hold=20 fijos; sesión=dcv1_activo_15h única, sin control_8h)",107,103,8.93,0.963,False,0.953,35.9,-0.022,1.259,-0.74,-2.28,-7.14,8.6,0,90,13
SOLUSDT,2022,candidate,dcv1_activo_15h,0.75,1.5,1.5,0.75 | 1.5 | 1.5,new,"Espacio 1 — Gestión multivariable (distance x activation x be simultáneos; atr_mult=1.5/atr_period=14/max_hold=20 fijos; sesión=dcv1_activo_15h única, sin control_8h)",107,103,8.93,0.963,False,1.065,44.7,0.033,1.21,-0.917,3.37,-6.77,8.6,0,83,20
SOLUSDT,2022,candidate,dcv1_activo_15h,0.75,2.0,0.5,0.75 | 2.0 | 0.5,new,"Espacio 1 — Gestión multivariable (distance x activation x be simultáneos; atr_mult=1.5/atr_period=14/max_hold=20 fijos; sesión=dcv1_activo_15h única, sin control_8h)",107,105,8.97,0.981,False,1.3,20.0,0.093,2.004,-0.385,9.72,-3.24,8.8,0,100,5
SOLUSDT,2022,candidate,dcv1_activo_15h,0.75,2.0,1.0,0.75 | 2.0 | 1.0,new,"Espacio 1 — Gestión multivariable (distance x activation x be simultáneos; atr_mult=1.5/atr_period=14/max_hold=20 fijos; sesión=dcv1_activo_15h única, sin control_8h)",107,103,8.93,0.963,False,1.09,31.1,0.043,1.672,-0.691,4.41,-5.02,8.6,0,87,16
SOLUSDT,2022,candidate,dcv1_activo_15h,0.75,2.0,1.5,0.75 | 2.0 | 1.5,new,"Espacio 1 — Gestión multivariable (distance x activation x be simultáneos; atr_mult=1.5/atr_period=14/max_hold=20 fijos; sesión=dcv1_activo_15h única, sin control_8h)",107,103,8.93,0.963,False,1.171,38.8,0.087,1.538,-0.834,8.97,-4.49,8.6,0,79,24
SOLUSDT,2022,candidate,dcv1_activo_15h,0.75,2.5,0.5,0.75 | 2.5 | 0.5,new,"Espacio 1 — Gestión multivariable (distance x activation x be simultáneos; atr_mult=1.5/atr_period=14/max_hold=20 fijos; sesión=dcv1_activo_15h única, sin control_8h)",107,105,8.97,0.981,False,1.4,19.0,0.124,2.27,-0.382,12.97,-3.24,8.8,0,97,8
SOLUSDT,2022,candidate,dcv1_activo_15h,0.75,2.5,1.0,0.75 | 2.5 | 1.0,new,"Espacio 1 — Gestión multivariable (distance x activation x be simultáneos; atr_mult=1.5/atr_period=14/max_hold=20 fijos; sesión=dcv1_activo_15h única, sin control_8h)",107,103,8.93,0.963,False,1.132,29.1,0.063,1.857,-0.674,6.5,-3.69,8.6,0,83,20
SOLUSDT,2022,candidate,dcv1_activo_15h,0.75,2.5,1.5,0.75 | 2.5 | 1.5,new,"Espacio 1 — Gestión multivariable (distance x activation x be simultáneos; atr_mult=1.5/atr_period=14/max_hold=20 fijos; sesión=dcv1_activo_15h única, sin control_8h)",107,103,8.93,0.963,False,1.21,36.9,0.107,1.677,-0.81,11.06,-3.58,8.6,0,75,28
SOLUSDT,2022,candidate,dcv1_activo_15h,1.0,1.5,0.5,1.0 | 1.5 | 0.5,new,"Espacio 1 — Gestión multivariable (distance x activation x be simultáneos; atr_mult=1.5/atr_period=14/max_hold=20 fijos; sesión=dcv1_activo_15h única, sin control_8h)",107,105,8.97,0.981,False,1.206,22.9,0.063,1.619,-0.398,6.63,-2.79,8.8,0,102,3
SOLUSDT,2022,candidate,dcv1_activo_15h,1.0,1.5,1.0,1.0 | 1.5 | 1.0,replica,"Espacio 1 — Gestión multivariable (distance x activation x be simultáneos; atr_mult=1.5/atr_period=14/max_hold=20 fijos; sesión=dcv1_activo_15h única, sin control_8h)",107,103,8.93,0.963,False,1.003,35.9,0.002,1.325,-0.74,0.16,-4.84,8.6,0,89,14
SOLUSDT,2022,candidate,dcv1_activo_15h,1.0,1.5,1.5,1.0 | 1.5 | 1.5,new,"Espacio 1 — Gestión multivariable (distance x activation x be simultáneos; atr_mult=1.5/atr_period=14/max_hold=20 fijos; sesión=dcv1_activo_15h única, sin control_8h)",107,103,8.93,0.963,False,1.092,44.7,0.047,1.241,-0.917,4.81,-4.72,8.6,0,82,21
SOLUSDT,2022,candidate,dcv1_activo_15h,1.0,2.0,0.5,1.0 | 2.0 | 0.5,replica,"Espacio 1 — Gestión multivariable (distance x activation x be simultáneos; atr_mult=1.5/atr_period=14/max_hold=20 fijos; sesión=dcv1_activo_15h única, sin control_8h)",107,105,8.97,0.981,False,1.216,20.0,0.067,1.874,-0.385,7.0,-3.48,8.8,0,100,5
SOLUSDT,2022,anchor,dcv1_activo_15h,1.0,2.0,1.0,1.0 | 2.0 | 1.0,replica,"Espacio 1 — Gestión multivariable (distance x activation x be simultáneos; atr_mult=1.5/atr_period=14/max_hold=20 fijos; sesión=dcv1_activo_15h única, sin control_8h)",107,103,8.93,0.963,False,1.003,31.1,0.001,1.539,-0.691,0.15,-5.44,8.6,0,87,16
SOLUSDT,2022,candidate,dcv1_activo_15h,1.0,2.0,1.5,1.0 | 2.0 | 1.5,replica,"Espacio 1 — Gestión multivariable (distance x activation x be simultáneos; atr_mult=1.5/atr_period=14/max_hold=20 fijos; sesión=dcv1_activo_15h única, sin control_8h)",107,103,8.93,0.963,False,1.08,38.8,0.041,1.419,-0.834,4.21,-4.86,8.6,0,79,24
SOLUSDT,2022,candidate,dcv1_activo_15h,1.0,2.5,0.5,1.0 | 2.5 | 0.5,new,"Espacio 1 — Gestión multivariable (distance x activation x be simultáneos; atr_mult=1.5/atr_period=14/max_hold=20 fijos; sesión=dcv1_activo_15h única, sin control_8h)",107,105,8.97,0.981,False,1.336,19.0,0.104,2.167,-0.382,10.9,-3.48,8.8,0,97,8
SOLUSDT,2022,candidate,dcv1_activo_15h,1.0,2.5,1.0,1.0 | 2.5 | 1.0,replica,"Espacio 1 — Gestión multivariable (distance x activation x be simultáneos; atr_mult=1.5/atr_period=14/max_hold=20 fijos; sesión=dcv1_activo_15h única, sin control_8h)",107,103,8.93,0.963,False,1.125,29.1,0.06,1.845,-0.674,6.16,-4.32,8.6,0,83,20
SOLUSDT,2022,candidate,dcv1_activo_15h,1.0,2.5,1.5,1.0 | 2.5 | 1.5,new,"Espacio 1 — Gestión multivariable (distance x activation x be simultáneos; atr_mult=1.5/atr_period=14/max_hold=20 fijos; sesión=dcv1_activo_15h única, sin control_8h)",107,103,8.93,0.963,False,1.194,36.9,0.099,1.655,-0.81,10.22,-3.5,8.6,0,75,28
SOLUSDT,2022,candidate,dcv1_activo_15h,1.5,1.5,0.5,1.5 | 1.5 | 0.5,new,"Espacio 1 — Gestión multivariable (distance x activation x be simultáneos; atr_mult=1.5/atr_period=14/max_hold=20 fijos; sesión=dcv1_activo_15h única, sin control_8h)",107,105,8.97,0.981,False,1.296,22.9,0.091,1.74,-0.398,9.53,-3.34,8.8,0,95,10
SOLUSDT,2022,candidate,dcv1_activo_15h,1.5,1.5,1.0,1.5 | 1.5 | 1.0,new,"Espacio 1 — Gestión multivariable (distance x activation x be simultáneos; atr_mult=1.5/atr_period=14/max_hold=20 fijos; sesión=dcv1_activo_15h única, sin control_8h)",107,103,8.93,0.963,False,1.192,35.9,0.091,1.574,-0.74,9.37,-3.79,8.6,0,81,22
SOLUSDT,2022,candidate,dcv1_activo_15h,1.5,1.5,1.5,1.5 | 1.5 | 1.5,new,"Espacio 1 — Gestión multivariable (distance x activation x be simultáneos; atr_mult=1.5/atr_period=14/max_hold=20 fijos; sesión=dcv1_activo_15h única, sin control_8h)",107,103,8.93,0.963,False,1.23,44.7,0.117,1.398,-0.917,12.03,-4.0,8.6,0,74,29
SOLUSDT,2022,candidate,dcv1_activo_15h,1.5,2.0,0.5,1.5 | 2.0 | 0.5,new,"Espacio 1 — Gestión multivariable (distance x activation x be simultáneos; atr_mult=1.5/atr_period=14/max_hold=20 fijos; sesión=dcv1_activo_15h única, sin control_8h)",107,105,8.97,0.981,False,1.29,20.0,0.089,1.988,-0.385,9.38,-3.62,8.8,0,94,11
SOLUSDT,2022,candidate,dcv1_activo_15h,1.5,2.0,1.0,1.5 | 2.0 | 1.0,replica,"Espacio 1 — Gestión multivariable (distance x activation x be simultáneos; atr_mult=1.5/atr_period=14/max_hold=20 fijos; sesión=dcv1_activo_15h única, sin control_8h)",107,103,8.93,0.963,False,1.178,31.1,0.085,1.807,-0.691,8.73,-4.27,8.6,0,80,23
SOLUSDT,2022,candidate,dcv1_activo_15h,1.5,2.0,1.5,1.5 | 2.0 | 1.5,new,"Espacio 1 — Gestión multivariable (distance x activation x be simultáneos; atr_mult=1.5/atr_period=14/max_hold=20 fijos; sesión=dcv1_activo_15h única, sin control_8h)",107,103,8.93,0.963,False,1.224,38.8,0.114,1.609,-0.834,11.79,-3.97,8.6,0,72,31
SOLUSDT,2022,candidate,dcv1_activo_15h,1.5,2.5,0.5,1.5 | 2.5 | 0.5,new,"Espacio 1 — Gestión multivariable (distance x activation x be simultáneos; atr_mult=1.5/atr_period=14/max_hold=20 fijos; sesión=dcv1_activo_15h única, sin control_8h)",107,105,8.97,0.981,False,1.261,19.0,0.081,2.045,-0.382,8.47,-3.62,8.8,0,94,11
SOLUSDT,2022,candidate,dcv1_activo_15h,1.5,2.5,1.0,1.5 | 2.5 | 1.0,new,"Espacio 1 — Gestión multivariable (distance x activation x be simultáneos; atr_mult=1.5/atr_period=14/max_hold=20 fijos; sesión=dcv1_activo_15h única, sin control_8h)",107,103,8.93,0.963,False,1.153,29.1,0.073,1.891,-0.674,7.54,-4.51,8.6,0,79,24
SOLUSDT,2022,candidate,dcv1_activo_15h,1.5,2.5,1.5,1.5 | 2.5 | 1.5,new,"Espacio 1 — Gestión multivariable (distance x activation x be simultáneos; atr_mult=1.5/atr_period=14/max_hold=20 fijos; sesión=dcv1_activo_15h única, sin control_8h)",107,103,8.93,0.963,False,1.201,36.9,0.103,1.665,-0.81,10.6,-3.97,8.6,0,71,32
BTCUSDT,2023,candidate,dcv1_activo_15h,0.5,1.5,0.5,0.5 | 1.5 | 0.5,new,"Espacio 1 — Gestión multivariable (distance x activation x be simultáneos; atr_mult=1.5/atr_period=14/max_hold=20 fijos; sesión=dcv1_activo_15h única, sin control_8h)",110,109,9.39,0.991,False,1.245,25.7,0.101,1.998,-0.555,11.01,-5.87,9.3,0,103,6
BTCUSDT,2023,candidate,dcv1_activo_15h,0.5,1.5,1.0,0.5 | 1.5 | 1.0,new,"Espacio 1 — Gestión multivariable (distance x activation x be simultáneos; atr_mult=1.5/atr_period=14/max_hold=20 fijos; sesión=dcv1_activo_15h única, sin control_8h)",110,108,9.37,0.982,False,1.21,35.2,0.116,1.907,-0.856,12.56,-6.1,9.2,0,94,14
BTCUSDT,2023,candidate,dcv1_activo_15h,0.5,1.5,1.5,0.5 | 1.5 | 1.5,new,"Espacio 1 — Gestión multivariable (distance x activation x be simultáneos; atr_mult=1.5/atr_period=14/max_hold=20 fijos; sesión=dcv1_activo_15h única, sin control_8h)",110,108,9.37,0.982,False,1.378,40.7,0.215,1.92,-0.958,23.18,-4.1,9.2,0,88,20
BTCUSDT,2023,candidate,dcv1_activo_15h,0.5,2.0,0.5,0.5 | 2.0 | 0.5,new,"Espacio 1 — Gestión multivariable (distance x activation x be simultáneos; atr_mult=1.5/atr_period=14/max_hold=20 fijos; sesión=dcv1_activo_15h única, sin control_8h)",110,109,9.39,0.991,False,1.209,22.0,0.087,2.286,-0.534,9.48,-6.38,9.3,0,103,6
BTCUSDT,2023,candidate,dcv1_activo_15h,0.5,2.0,1.0,0.5 | 2.0 | 1.0,replica,"Espacio 1 — Gestión multivariable (distance x activation x be simultáneos; atr_mult=1.5/atr_period=14/max_hold=20 fijos; sesión=dcv1_activo_15h única, sin control_8h)",110,108,9.37,0.982,False,1.153,29.6,0.086,2.186,-0.798,9.29,-6.65,9.2,0,93,15
BTCUSDT,2023,candidate,dcv1_activo_15h,0.5,2.0,1.5,0.5 | 2.0 | 1.5,new,"Espacio 1 — Gestión multivariable (distance x activation x be simultáneos; atr_mult=1.5/atr_period=14/max_hold=20 fijos; sesión=dcv1_activo_15h única, sin control_8h)",110,108,9.37,0.982,False,1.3,34.3,0.173,2.187,-0.876,18.69,-4.86,9.2,0,87,21
BTCUSDT,2023,candidate,dcv1_activo_15h,0.5,2.5,0.5,0.5 | 2.5 | 0.5,new,"Espacio 1 — Gestión multivariable (distance x activation x be simultáneos; atr_mult=1.5/atr_period=14/max_hold=20 fijos; sesión=dcv1_activo_15h única, sin control_8h)",110,109,9.39,0.991,False,1.234,20.2,0.098,2.558,-0.524,10.66,-6.38,9.3,0,103,6
BTCUSDT,2023,candidate,dcv1_activo_15h,0.5,2.5,1.0,0.5 | 2.5 | 1.0,new,"Espacio 1 — Gestión multivariable (distance x activation x be simultáneos; atr_mult=1.5/atr_period=14/max_hold=20 fijos; sesión=dcv1_activo_15h única, sin control_8h)",110,108,9.37,0.982,False,1.153,26.9,0.086,2.426,-0.772,9.33,-6.26,9.2,0,93,15
BTCUSDT,2023,candidate,dcv1_activo_15h,0.5,2.5,1.5,0.5 | 2.5 | 1.5,new,"Espacio 1 — Gestión multivariable (distance x activation x be simultáneos; atr_mult=1.5/atr_period=14/max_hold=20 fijos; sesión=dcv1_activo_15h única, sin control_8h)",110,108,9.37,0.982,False,1.299,31.5,0.173,2.391,-0.846,18.71,-4.47,9.2,0,86,22
BTCUSDT,2023,candidate,dcv1_activo_15h,0.75,1.5,0.5,0.75 | 1.5 | 0.5,new,"Espacio 1 — Gestión multivariable (distance x activation x be simultáneos; atr_mult=1.5/atr_period=14/max_hold=20 fijos; sesión=dcv1_activo_15h única, sin control_8h)",110,109,9.39,0.991,False,1.181,25.7,0.074,1.895,-0.555,8.12,-5.98,9.3,0,103,6
BTCUSDT,2023,candidate,dcv1_activo_15h,0.75,1.5,1.0,0.75 | 1.5 | 1.0,new,"Espacio 1 — Gestión multivariable (distance x activation x be simultáneos; atr_mult=1.5/atr_period=14/max_hold=20 fijos; sesión=dcv1_activo_15h única, sin control_8h)",110,108,9.37,0.982,False,1.128,35.2,0.071,1.779,-0.856,7.67,-6.45,9.2,0,94,14
BTCUSDT,2023,candidate,dcv1_activo_15h,0.75,1.5,1.5,0.75 | 1.5 | 1.5,new,"Espacio 1 — Gestión multivariable (distance x activation x be simultáneos; atr_mult=1.5/atr_period=14/max_hold=20 fijos; sesión=dcv1_activo_15h única, sin control_8h)",110,108,9.37,0.982,False,1.286,40.7,0.163,1.792,-0.958,17.56,-4.13,9.2,0,88,20
BTCUSDT,2023,candidate,dcv1_activo_15h,0.75,2.0,0.5,0.75 | 2.0 | 0.5,new,"Espacio 1 — Gestión multivariable (distance x activation x be simultáneos; atr_mult=1.5/atr_period=14/max_hold=20 fijos; sesión=dcv1_activo_15h única, sin control_8h)",110,109,9.39,0.991,False,1.195,22.0,0.081,2.261,-0.534,8.87,-6.38,9.3,0,103,6
BTCUSDT,2023,candidate,dcv1_activo_15h,0.75,2.0,1.0,0.75 | 2.0 | 1.0,new,"Espacio 1 — Gestión multivariable (distance x activation x be simultáneos; atr_mult=1.5/atr_period=14/max_hold=20 fijos; sesión=dcv1_activo_15h única, sin control_8h)",110,108,9.37,0.982,False,1.123,29.6,0.069,2.128,-0.798,7.43,-6.76,9.2,0,93,15
BTCUSDT,2023,candidate,dcv1_activo_15h,0.75,2.0,1.5,0.75 | 2.0 | 1.5,new,"Espacio 1 — Gestión multivariable (distance x activation x be simultáneos; atr_mult=1.5/atr_period=14/max_hold=20 fijos; sesión=dcv1_activo_15h única, sin control_8h)",110,108,9.37,0.982,False,1.26,34.3,0.15,2.119,-0.876,16.18,-4.98,9.2,0,87,21
BTCUSDT,2023,candidate,dcv1_activo_15h,0.75,2.5,0.5,0.75 | 2.5 | 0.5,new,"Espacio 1 — Gestión multivariable (distance x activation x be simultáneos; atr_mult=1.5/atr_period=14/max_hold=20 fijos; sesión=dcv1_activo_15h única, sin control_8h)",110,109,9.39,0.991,False,1.174,20.2,0.073,2.434,-0.524,7.93,-6.38,9.3,0,103,6
BTCUSDT,2023,candidate,dcv1_activo_15h,0.75,2.5,1.0,0.75 | 2.5 | 1.0,new,"Espacio 1 — Gestión multivariable (distance x activation x be simultáneos; atr_mult=1.5/atr_period=14/max_hold=20 fijos; sesión=dcv1_activo_15h única, sin control_8h)",110,108,9.37,0.982,False,1.092,26.9,0.052,2.297,-0.772,5.6,-6.37,9.2,0,93,15
BTCUSDT,2023,candidate,dcv1_activo_15h,0.75,2.5,1.5,0.75 | 2.5 | 1.5,new,"Espacio 1 — Gestión multivariable (distance x activation x be simultáneos; atr_mult=1.5/atr_period=14/max_hold=20 fijos; sesión=dcv1_activo_15h única, sin control_8h)",110,108,9.37,0.982,False,1.227,31.5,0.132,2.259,-0.846,14.23,-4.59,9.2,0,86,22
BTCUSDT,2023,candidate,dcv1_activo_15h,1.0,1.5,0.5,1.0 | 1.5 | 0.5,new,"Espacio 1 — Gestión multivariable (distance x activation x be simultáneos; atr_mult=1.5/atr_period=14/max_hold=20 fijos; sesión=dcv1_activo_15h única, sin control_8h)",110,109,9.39,0.991,False,1.12,25.7,0.05,1.798,-0.555,5.4,-6.1,9.3,0,103,6
BTCUSDT,2023,candidate,dcv1_activo_15h,1.0,1.5,1.0,1.0 | 1.5 | 1.0,replica,"Espacio 1 — Gestión multivariable (distance x activation x be simultáneos; atr_mult=1.5/atr_period=14/max_hold=20 fijos; sesión=dcv1_activo_15h única, sin control_8h)",110,108,9.37,0.982,False,1.049,35.2,0.027,1.655,-0.856,2.95,-6.8,9.2,0,94,14
BTCUSDT,2023,candidate,dcv1_activo_15h,1.0,1.5,1.5,1.0 | 1.5 | 1.5,new,"Espacio 1 — Gestión multivariable (distance x activation x be simultáneos; atr_mult=1.5/atr_period=14/max_hold=20 fijos; sesión=dcv1_activo_15h única, sin control_8h)",110,108,9.37,0.982,False,1.2,40.7,0.114,1.672,-0.958,12.27,-4.54,9.2,0,87,21
BTCUSDT,2023,candidate,dcv1_activo_15h,1.0,2.0,0.5,1.0 | 2.0 | 0.5,replica,"Espacio 1 — Gestión multivariable (distance x activation x be simultáneos; atr_mult=1.5/atr_period=14/max_hold=20 fijos; sesión=dcv1_activo_15h única, sin control_8h)",110,109,9.39,0.991,False,1.087,22.0,0.036,2.056,-0.534,3.97,-6.38,9.3,0,103,6
BTCUSDT,2023,anchor,dcv1_activo_15h,1.0,2.0,1.0,1.0 | 2.0 | 1.0,replica,"Espacio 1 — Gestión multivariable (distance x activation x be simultáneos; atr_mult=1.5/atr_period=14/max_hold=20 fijos; sesión=dcv1_activo_15h única, sin control_8h)",110,108,9.37,0.982,False,1.021,29.6,0.012,1.935,-0.798,1.28,-6.88,9.2,0,93,15
BTCUSDT,2023,candidate,dcv1_activo_15h,1.0,2.0,1.5,1.0 | 2.0 | 1.5,replica,"Espacio 1 — Gestión multivariable (distance x activation x be simultáneos; atr_mult=1.5/atr_period=14/max_hold=20 fijos; sesión=dcv1_activo_15h única, sin control_8h)",110,108,9.37,0.982,False,1.156,34.3,0.09,1.944,-0.876,9.71,-5.1,9.2,0,86,22
BTCUSDT,2023,candidate,dcv1_activo_15h,1.0,2.5,0.5,1.0 | 2.5 | 0.5,new,"Espacio 1 — Gestión multivariable (distance x activation x be simultáneos; atr_mult=1.5/atr_period=14/max_hold=20 fijos; sesión=dcv1_activo_15h única, sin control_8h)",110,109,9.39,0.991,False,1.119,20.2,0.05,2.32,-0.524,5.44,-6.38,9.3,0,103,6
BTCUSDT,2023,candidate,dcv1_activo_15h,1.0,2.5,1.0,1.0 | 2.5 | 1.0,replica,"Espacio 1 — Gestión multivariable (distance x activation x be simultáneos; atr_mult=1.5/atr_period=14/max_hold=20 fijos; sesión=dcv1_activo_15h única, sin control_8h)",110,108,9.37,0.982,False,1.034,26.9,0.019,2.176,-0.772,2.1,-6.49,9.2,0,93,15
BTCUSDT,2023,candidate,dcv1_activo_15h,1.0,2.5,1.5,1.0 | 2.5 | 1.5,new,"Espacio 1 — Gestión multivariable (distance x activation x be simultáneos; atr_mult=1.5/atr_period=14/max_hold=20 fijos; sesión=dcv1_activo_15h única, sin control_8h)",110,108,9.37,0.982,False,1.17,31.5,0.099,2.154,-0.846,10.65,-4.7,9.2,0,85,23
BTCUSDT,2023,candidate,dcv1_activo_15h,1.5,1.5,0.5,1.5 | 1.5 | 0.5,new,"Espacio 1 — Gestión multivariable (distance x activation x be simultáneos; atr_mult=1.5/atr_period=14/max_hold=20 fijos; sesión=dcv1_activo_15h única, sin control_8h)",110,109,9.39,0.991,False,1.095,24.8,0.039,1.826,-0.549,4.27,-6.34,9.3,0,102,7
BTCUSDT,2023,candidate,dcv1_activo_15h,1.5,1.5,1.0,1.5 | 1.5 | 1.0,new,"Espacio 1 — Gestión multivariable (distance x activation x be simultáneos; atr_mult=1.5/atr_period=14/max_hold=20 fijos; sesión=dcv1_activo_15h única, sin control_8h)",110,108,9.37,0.982,False,0.98,33.3,-0.011,1.636,-0.834,-1.19,-7.35,9.2,0,93,15
BTCUSDT,2023,candidate,dcv1_activo_15h,1.5,1.5,1.5,1.5 | 1.5 | 1.5,new,"Espacio 1 — Gestión multivariable (distance x activation x be simultáneos; atr_mult=1.5/atr_period=14/max_hold=20 fijos; sesión=dcv1_activo_15h única, sin control_8h)",110,108,9.37,0.982,False,1.11,38.9,0.063,1.624,-0.931,6.75,-5.57,9.2,0,85,23
BTCUSDT,2023,candidate,dcv1_activo_15h,1.5,2.0,0.5,1.5 | 2.0 | 0.5,new,"Espacio 1 — Gestión multivariable (distance x activation x be simultáneos; atr_mult=1.5/atr_period=14/max_hold=20 fijos; sesión=dcv1_activo_15h única, sin control_8h)",110,109,9.39,0.991,False,1.07,22.0,0.029,2.024,-0.534,3.19,-6.71,9.3,0,102,7
BTCUSDT,2023,candidate,dcv1_activo_15h,1.5,2.0,1.0,1.5 | 2.0 | 1.0,replica,"Espacio 1 — Gestión multivariable (distance x activation x be simultáneos; atr_mult=1.5/atr_period=14/max_hold=20 fijos; sesión=dcv1_activo_15h única, sin control_8h)",110,108,9.37,0.982,False,0.967,29.6,-0.019,1.833,-0.798,-2.0,-7.11,9.2,0,92,16
BTCUSDT,2023,candidate,dcv1_activo_15h,1.5,2.0,1.5,1.5 | 2.0 | 1.5,new,"Espacio 1 — Gestión multivariable (distance x activation x be simultáneos; atr_mult=1.5/atr_period=14/max_hold=20 fijos; sesión=dcv1_activo_15h única, sin control_8h)",110,108,9.37,0.982,False,1.089,34.3,0.051,1.832,-0.876,5.55,-5.52,9.2,0,84,24
BTCUSDT,2023,candidate,dcv1_activo_15h,1.5,2.5,0.5,1.5 | 2.5 | 0.5,new,"Espacio 1 — Gestión multivariable (distance x activation x be simultáneos; atr_mult=1.5/atr_period=14/max_hold=20 fijos; sesión=dcv1_activo_15h única, sin control_8h)",110,109,9.39,0.991,False,1.039,20.2,0.016,2.154,-0.524,1.77,-7.37,9.3,0,102,7
BTCUSDT,2023,candidate,dcv1_activo_15h,1.5,2.5,1.0,1.5 | 2.5 | 1.0,new,"Espacio 1 — Gestión multivariable (distance x activation x be simultáneos; atr_mult=1.5/atr_period=14/max_hold=20 fijos; sesión=dcv1_activo_15h única, sin control_8h)",110,108,9.37,0.982,False,0.942,26.9,-0.033,1.981,-0.772,-3.56,-7.12,9.2,0,92,16
BTCUSDT,2023,candidate,dcv1_activo_15h,1.5,2.5,1.5,1.5 | 2.5 | 1.5,new,"Espacio 1 — Gestión multivariable (distance x activation x be simultáneos; atr_mult=1.5/atr_period=14/max_hold=20 fijos; sesión=dcv1_activo_15h única, sin control_8h)",110,108,9.37,0.982,False,1.064,31.5,0.037,1.958,-0.846,3.99,-5.24,9.2,0,84,24
ETHUSDT,2023,candidate,dcv1_activo_15h,0.5,1.5,0.5,0.5 | 1.5 | 0.5,new,"Espacio 1 — Gestión multivariable (distance x activation x be simultáneos; atr_mult=1.5/atr_period=14/max_hold=20 fijos; sesión=dcv1_activo_15h única, sin control_8h)",118,113,9.82,0.958,False,0.882,23.9,-0.045,1.403,-0.499,-5.05,-7.46,9.4,0,107,6
ETHUSDT,2023,candidate,dcv1_activo_15h,0.5,1.5,1.0,0.5 | 1.5 | 1.0,new,"Espacio 1 — Gestión multivariable (distance x activation x be simultáneos; atr_mult=1.5/atr_period=14/max_hold=20 fijos; sesión=dcv1_activo_15h única, sin control_8h)",118,113,9.82,0.958,False,0.85,31.9,-0.081,1.437,-0.79,-9.11,-8.63,9.4,0,99,14
ETHUSDT,2023,candidate,dcv1_activo_15h,0.5,1.5,1.5,0.5 | 1.5 | 1.5,new,"Espacio 1 — Gestión multivariable (distance x activation x be simultáneos; atr_mult=1.5/atr_period=14/max_hold=20 fijos; sesión=dcv1_activo_15h única, sin control_8h)",118,112,9.9,0.949,False,1.009,41.1,0.005,1.419,-0.98,0.61,-8.17,9.4,0,95,17
ETHUSDT,2023,candidate,dcv1_activo_15h,0.5,2.0,0.5,0.5 | 2.0 | 0.5,new,"Espacio 1 — Gestión multivariable (distance x activation x be simultáneos; atr_mult=1.5/atr_period=14/max_hold=20 fijos; sesión=dcv1_activo_15h única, sin control_8h)",118,113,9.82,0.958,False,0.929,19.5,-0.027,1.838,-0.478,-3.09,-9.07,9.4,0,105,8
ETHUSDT,2023,candidate,dcv1_activo_15h,0.5,2.0,1.0,0.5 | 2.0 | 1.0,replica,"Espacio 1 — Gestión multivariable (distance x activation x be simultáneos; atr_mult=1.5/atr_period=14/max_hold=20 fijos; sesión=dcv1_activo_15h única, sin control_8h)",118,113,9.82,0.958,False,0.862,26.5,-0.075,1.77,-0.743,-8.53,-10.81,9.4,0,96,17
ETHUSDT,2023,candidate,dcv1_activo_15h,0.5,2.0,1.5,0.5 | 2.0 | 1.5,new,"Espacio 1 — Gestión multivariable (distance x activation x be simultáneos; atr_mult=1.5/atr_period=14/max_hold=20 fijos; sesión=dcv1_activo_15h única, sin control_8h)",118,112,9.9,0.949,False,1.013,34.8,0.008,1.704,-0.899,0.85,-8.77,9.4,0,92,20
ETHUSDT,2023,candidate,dcv1_activo_15h,0.5,2.5,0.5,0.5 | 2.5 | 0.5,new,"Espacio 1 — Gestión multivariable (distance x activation x be simultáneos; atr_mult=1.5/atr_period=14/max_hold=20 fijos; sesión=dcv1_activo_15h única, sin control_8h)",118,113,9.82,0.958,False,0.857,15.9,-0.056,2.095,-0.464,-6.32,-10.59,9.4,0,102,11
ETHUSDT,2023,candidate,dcv1_activo_15h,0.5,2.5,1.0,0.5 | 2.5 | 1.0,new,"Espacio 1 — Gestión multivariable (distance x activation x be simultáneos; atr_mult=1.5/atr_period=14/max_hold=20 fijos; sesión=dcv1_activo_15h única, sin control_8h)",118,113,9.82,0.958,False,0.942,22.1,-0.032,2.344,-0.707,-3.63,-11.48,9.4,0,93,20
ETHUSDT,2023,candidate,dcv1_activo_15h,0.5,2.5,1.5,0.5 | 2.5 | 1.5,new,"Espacio 1 — Gestión multivariable (distance x activation x be simultáneos; atr_mult=1.5/atr_period=14/max_hold=20 fijos; sesión=dcv1_activo_15h única, sin control_8h)",118,112,9.9,0.949,False,1.087,28.6,0.052,2.256,-0.83,5.8,-10.87,9.4,0,87,25
ETHUSDT,2023,candidate,dcv1_activo_15h,0.75,1.5,0.5,0.75 | 1.5 | 0.5,new,"Espacio 1 — Gestión multivariable (distance x activation x be simultáneos; atr_mult=1.5/atr_period=14/max_hold=20 fijos; sesión=dcv1_activo_15h única, sin control_8h)",118,113,9.82,0.958,False,0.754,23.9,-0.093,1.2,-0.499,-10.55,-8.95,9.4,0,106,7
ETHUSDT,2023,candidate,dcv1_activo_15h,0.75,1.5,1.0,0.75 | 1.5 | 1.0,new,"Espacio 1 — Gestión multivariable (distance x activation x be simultáneos; atr_mult=1.5/atr_period=14/max_hold=20 fijos; sesión=dcv1_activo_15h única, sin control_8h)",118,113,9.82,0.958,False,0.748,31.9,-0.136,1.264,-0.79,-15.34,-9.97,9.4,0,98,15
ETHUSDT,2023,candidate,dcv1_activo_15h,0.75,1.5,1.5,0.75 | 1.5 | 1.5,new,"Espacio 1 — Gestión multivariable (distance x activation x be simultáneos; atr_mult=1.5/atr_period=14/max_hold=20 fijos; sesión=dcv1_activo_15h única, sin control_8h)",118,112,9.9,0.949,False,0.882,41.1,-0.068,1.241,-0.98,-7.62,-9.08,9.4,0,94,18
ETHUSDT,2023,candidate,dcv1_activo_15h,0.75,2.0,0.5,0.75 | 2.0 | 0.5,new,"Espacio 1 — Gestión multivariable (distance x activation x be simultáneos; atr_mult=1.5/atr_period=14/max_hold=20 fijos; sesión=dcv1_activo_15h única, sin control_8h)",118,113,9.82,0.958,False,0.883,19.5,-0.045,1.747,-0.478,-5.1,-9.86,9.4,0,105,8
ETHUSDT,2023,candidate,dcv1_activo_15h,0.75,2.0,1.0,0.75 | 2.0 | 1.0,new,"Espacio 1 — Gestión multivariable (distance x activation x be simultáneos; atr_mult=1.5/atr_period=14/max_hold=20 fijos; sesión=dcv1_activo_15h única, sin control_8h)",118,113,9.82,0.958,False,0.825,26.5,-0.095,1.696,-0.743,-10.76,-11.54,9.4,0,96,17
ETHUSDT,2023,candidate,dcv1_activo_15h,0.75,2.0,1.5,0.75 | 2.0 | 1.5,new,"Espacio 1 — Gestión multivariable (distance x activation x be simultáneos; atr_mult=1.5/atr_period=14/max_hold=20 fijos; sesión=dcv1_activo_15h única, sin control_8h)",118,112,9.9,0.949,False,0.952,34.8,-0.028,1.601,-0.899,-3.13,-9.49,9.4,0,92,20
ETHUSDT,2023,candidate,dcv1_activo_15h,0.75,2.5,0.5,0.75 | 2.5 | 0.5,new,"Espacio 1 — Gestión multivariable (distance x activation x be simultáneos; atr_mult=1.5/atr_period=14/max_hold=20 fijos; sesión=dcv1_activo_15h única, sin control_8h)",118,113,9.82,0.958,False,0.806,15.9,-0.076,1.972,-0.464,-8.54,-11.03,9.4,0,102,11
ETHUSDT,2023,candidate,dcv1_activo_15h,0.75,2.5,1.0,0.75 | 2.5 | 1.0,new,"Espacio 1 — Gestión multivariable (distance x activation x be simultáneos; atr_mult=1.5/atr_period=14/max_hold=20 fijos; sesión=dcv1_activo_15h única, sin control_8h)",118,113,9.82,0.958,False,0.896,22.1,-0.057,2.231,-0.707,-6.46,-11.7,9.4,0,93,20
ETHUSDT,2023,candidate,dcv1_activo_15h,0.75,2.5,1.5,0.75 | 2.5 | 1.5,new,"Espacio 1 — Gestión multivariable (distance x activation x be simultáneos; atr_mult=1.5/atr_period=14/max_hold=20 fijos; sesión=dcv1_activo_15h única, sin control_8h)",118,112,9.9,0.949,False,1.034,28.6,0.02,2.144,-0.83,2.23,-11.2,9.4,0,87,25
ETHUSDT,2023,candidate,dcv1_activo_15h,1.0,1.5,0.5,1.0 | 1.5 | 0.5,new,"Espacio 1 — Gestión multivariable (distance x activation x be simultáneos; atr_mult=1.5/atr_period=14/max_hold=20 fijos; sesión=dcv1_activo_15h única, sin control_8h)",118,113,9.82,0.958,False,0.835,23.9,-0.063,1.328,-0.499,-7.08,-8.87,9.4,0,106,7
ETHUSDT,2023,candidate,dcv1_activo_15h,1.0,1.5,1.0,1.0 | 1.5 | 1.0,replica,"Espacio 1 — Gestión multivariable (distance x activation x be simultáneos; atr_mult=1.5/atr_period=14/max_hold=20 fijos; sesión=dcv1_activo_15h única, sin control_8h)",118,113,9.82,0.958,False,0.792,31.9,-0.112,1.339,-0.79,-12.67,-10.42,9.4,0,97,16
ETHUSDT,2023,candidate,dcv1_activo_15h,1.0,1.5,1.5,1.0 | 1.5 | 1.5,new,"Espacio 1 — Gestión multivariable (distance x activation x be simultáneos; atr_mult=1.5/atr_period=14/max_hold=20 fijos; sesión=dcv1_activo_15h única, sin control_8h)",118,112,9.9,0.949,False,0.893,41.1,-0.062,1.255,-0.98,-6.95,-8.94,9.4,0,93,19
ETHUSDT,2023,candidate,dcv1_activo_15h,1.0,2.0,0.5,1.0 | 2.0 | 0.5,replica,"Espacio 1 — Gestión multivariable (distance x activation x be simultáneos; atr_mult=1.5/atr_period=14/max_hold=20 fijos; sesión=dcv1_activo_15h única, sin control_8h)",118,113,9.82,0.958,False,0.843,19.5,-0.061,1.667,-0.478,-6.84,-10.47,9.4,0,105,8
ETHUSDT,2023,anchor,dcv1_activo_15h,1.0,2.0,1.0,1.0 | 2.0 | 1.0,replica,"Espacio 1 — Gestión multivariable (distance x activation x be simultáneos; atr_mult=1.5/atr_period=14/max_hold=20 fijos; sesión=dcv1_activo_15h única, sin control_8h)",118,113,9.82,0.958,False,0.782,26.5,-0.119,1.606,-0.743,-13.44,-12.44,9.4,0,95,18
ETHUSDT,2023,candidate,dcv1_activo_15h,1.0,2.0,1.5,1.0 | 2.0 | 1.5,replica,"Espacio 1 — Gestión multivariable (distance x activation x be simultáneos; atr_mult=1.5/atr_period=14/max_hold=20 fijos; sesión=dcv1_activo_15h única, sin control_8h)",118,112,9.9,0.949,False,0.885,34.8,-0.068,1.488,-0.899,-7.56,-10.1,9.4,0,91,21
ETHUSDT,2023,candidate,dcv1_activo_15h,1.0,2.5,0.5,1.0 | 2.5 | 0.5,new,"Espacio 1 — Gestión multivariable (distance x activation x be simultáneos; atr_mult=1.5/atr_period=14/max_hold=20 fijos; sesión=dcv1_activo_15h única, sin control_8h)",118,113,9.82,0.958,False,0.791,15.9,-0.082,1.934,-0.464,-9.22,-11.47,9.4,0,102,11
ETHUSDT,2023,candidate,dcv1_activo_15h,1.0,2.5,1.0,1.0 | 2.5 | 1.0,replica,"Espacio 1 — Gestión multivariable (distance x activation x be simultáneos; atr_mult=1.5/atr_period=14/max_hold=20 fijos; sesión=dcv1_activo_15h única, sin control_8h)",118,113,9.82,0.958,False,0.875,22.1,-0.069,2.178,-0.707,-7.8,-11.92,9.4,0,92,21
ETHUSDT,2023,candidate,dcv1_activo_15h,1.0,2.5,1.5,1.0 | 2.5 | 1.5,new,"Espacio 1 — Gestión multivariable (distance x activation x be simultáneos; atr_mult=1.5/atr_period=14/max_hold=20 fijos; sesión=dcv1_activo_15h única, sin control_8h)",118,112,9.9,0.949,False,1.002,28.6,0.001,2.079,-0.83,0.14,-11.53,9.4,0,86,26
ETHUSDT,2023,candidate,dcv1_activo_15h,1.5,1.5,0.5,1.5 | 1.5 | 0.5,new,"Espacio 1 — Gestión multivariable (distance x activation x be simultáneos; atr_mult=1.5/atr_period=14/max_hold=20 fijos; sesión=dcv1_activo_15h única, sin control_8h)",118,113,9.82,0.958,False,0.847,23.0,-0.058,1.4,-0.494,-6.56,-10.73,9.4,0,102,11
ETHUSDT,2023,candidate,dcv1_activo_15h,1.5,1.5,1.0,1.5 | 1.5 | 1.0,new,"Espacio 1 — Gestión multivariable (distance x activation x be simultáneos; atr_mult=1.5/atr_period=14/max_hold=20 fijos; sesión=dcv1_activo_15h única, sin control_8h)",118,113,9.82,0.958,False,0.761,31.0,-0.129,1.323,-0.78,-14.56,-13.41,9.4,0,92,21
ETHUSDT,2023,candidate,dcv1_activo_15h,1.5,1.5,1.5,1.5 | 1.5 | 1.5,new,"Espacio 1 — Gestión multivariable (distance x activation x be simultáneos; atr_mult=1.5/atr_period=14/max_hold=20 fijos; sesión=dcv1_activo_15h única, sin control_8h)",118,112,9.9,0.949,False,0.892,40.2,-0.062,1.283,-0.966,-6.96,-10.5,9.4,0,86,26
ETHUSDT,2023,candidate,dcv1_activo_15h,1.5,2.0,0.5,1.5 | 2.0 | 0.5,new,"Espacio 1 — Gestión multivariable (distance x activation x be simultáneos; atr_mult=1.5/atr_period=14/max_hold=20 fijos; sesión=dcv1_activo_15h única, sin control_8h)",118,113,9.82,0.958,False,0.843,19.5,-0.061,1.667,-0.478,-6.84,-11.32,9.4,0,101,12
ETHUSDT,2023,candidate,dcv1_activo_15h,1.5,2.0,1.0,1.5 | 2.0 | 1.0,replica,"Espacio 1 — Gestión multivariable (distance x activation x be simultáneos; atr_mult=1.5/atr_period=14/max_hold=20 fijos; sesión=dcv1_activo_15h única, sin control_8h)",118,113,9.82,0.958,False,0.754,26.5,-0.134,1.549,-0.743,-15.16,-14.12,9.4,0,91,22
ETHUSDT,2023,candidate,dcv1_activo_15h,1.5,2.0,1.5,1.5 | 2.0 | 1.5,new,"Espacio 1 — Gestión multivariable (distance x activation x be simultáneos; atr_mult=1.5/atr_period=14/max_hold=20 fijos; sesión=dcv1_activo_15h única, sin control_8h)",118,112,9.9,0.949,False,0.882,34.8,-0.069,1.483,-0.899,-7.74,-11.1,9.4,0,85,27
ETHUSDT,2023,candidate,dcv1_activo_15h,1.5,2.5,0.5,1.5 | 2.5 | 0.5,new,"Espacio 1 — Gestión multivariable (distance x activation x be simultáneos; atr_mult=1.5/atr_period=14/max_hold=20 fijos; sesión=dcv1_activo_15h única, sin control_8h)",118,113,9.82,0.958,False,0.782,15.9,-0.085,1.913,-0.464,-9.61,-12.0,9.4,0,100,13
ETHUSDT,2023,candidate,dcv1_activo_15h,1.5,2.5,1.0,1.5 | 2.5 | 1.0,new,"Espacio 1 — Gestión multivariable (distance x activation x be simultáneos; atr_mult=1.5/atr_period=14/max_hold=20 fijos; sesión=dcv1_activo_15h única, sin control_8h)",118,113,9.82,0.958,False,0.836,22.1,-0.09,2.083,-0.707,-10.18,-12.01,9.4,0,90,23
ETHUSDT,2023,candidate,dcv1_activo_15h,1.5,2.5,1.5,1.5 | 2.5 | 1.5,new,"Espacio 1 — Gestión multivariable (distance x activation x be simultáneos; atr_mult=1.5/atr_period=14/max_hold=20 fijos; sesión=dcv1_activo_15h única, sin control_8h)",118,112,9.9,0.949,False,0.944,28.6,-0.033,1.959,-0.83,-3.7,-11.84,9.4,0,84,28
SOLUSDT,2023,candidate,dcv1_activo_15h,0.5,1.5,0.5,0.5 | 1.5 | 0.5,new,"Espacio 1 — Gestión multivariable (distance x activation x be simultáneos; atr_mult=1.5/atr_period=14/max_hold=20 fijos; sesión=dcv1_activo_15h única, sin control_8h)",100,98,8.37,0.98,False,1.218,24.5,0.079,1.795,-0.478,7.72,-4.76,8.2,0,95,3
SOLUSDT,2023,candidate,dcv1_activo_15h,0.5,1.5,1.0,0.5 | 1.5 | 1.0,new,"Espacio 1 — Gestión multivariable (distance x activation x be simultáneos; atr_mult=1.5/atr_period=14/max_hold=20 fijos; sesión=dcv1_activo_15h única, sin control_8h)",100,98,8.37,0.98,False,1.427,38.8,0.206,1.778,-0.789,20.22,-4.02,8.2,0,86,12
SOLUSDT,2023,candidate,dcv1_activo_15h,0.5,1.5,1.5,0.5 | 1.5 | 1.5,new,"Espacio 1 — Gestión multivariable (distance x activation x be simultáneos; atr_mult=1.5/atr_period=14/max_hold=20 fijos; sesión=dcv1_activo_15h única, sin control_8h)",100,97,8.35,0.97,False,1.498,44.3,0.252,1.707,-0.907,24.42,-3.15,8.1,0,83,14
SOLUSDT,2023,candidate,dcv1_activo_15h,0.5,2.0,0.5,0.5 | 2.0 | 0.5,new,"Espacio 1 — Gestión multivariable (distance x activation x be simultáneos; atr_mult=1.5/atr_period=14/max_hold=20 fijos; sesión=dcv1_activo_15h única, sin control_8h)",100,98,8.37,0.98,False,1.252,19.4,0.092,2.352,-0.452,9.0,-5.41,8.2,0,93,5
SOLUSDT,2023,candidate,dcv1_activo_15h,0.5,2.0,1.0,0.5 | 2.0 | 1.0,replica,"Espacio 1 — Gestión multivariable (distance x activation x be simultáneos; atr_mult=1.5/atr_period=14/max_hold=20 fijos; sesión=dcv1_activo_15h única, sin control_8h)",100,98,8.37,0.98,False,1.417,31.6,0.203,2.182,-0.713,19.9,-4.75,8.2,0,80,18
SOLUSDT,2023,candidate,dcv1_activo_15h,0.5,2.0,1.5,0.5 | 2.0 | 1.5,new,"Espacio 1 — Gestión multivariable (distance x activation x be simultáneos; atr_mult=1.5/atr_period=14/max_hold=20 fijos; sesión=dcv1_activo_15h única, sin control_8h)",100,97,8.35,0.97,False,1.433,35.1,0.221,2.089,-0.787,21.47,-4.26,8.1,0,76,21
SOLUSDT,2023,candidate,dcv1_activo_15h,0.5,2.5,0.5,0.5 | 2.5 | 0.5,new,"Espacio 1 — Gestión multivariable (distance x activation x be simultáneos; atr_mult=1.5/atr_period=14/max_hold=20 fijos; sesión=dcv1_activo_15h única, sin control_8h)",100,98,8.37,0.98,False,1.264,18.4,0.096,2.514,-0.447,9.46,-6.13,8.2,0,91,7
SOLUSDT,2023,candidate,dcv1_activo_15h,0.5,2.5,1.0,0.5 | 2.5 | 1.0,new,"Espacio 1 — Gestión multivariable (distance x activation x be simultáneos; atr_mult=1.5/atr_period=14/max_hold=20 fijos; sesión=dcv1_activo_15h única, sin control_8h)",100,98,8.37,0.98,False,1.4,29.6,0.195,2.313,-0.695,19.16,-6.36,8.2,0,77,21
SOLUSDT,2023,candidate,dcv1_activo_15h,0.5,2.5,1.5,0.5 | 2.5 | 1.5,new,"Espacio 1 — Gestión multivariable (distance x activation x be simultáneos; atr_mult=1.5/atr_period=14/max_hold=20 fijos; sesión=dcv1_activo_15h única, sin control_8h)",100,97,8.35,0.97,False,1.416,33.0,0.213,2.202,-0.765,20.7,-5.87,8.1,0,72,25
SOLUSDT,2023,candidate,dcv1_activo_15h,0.75,1.5,0.5,0.75 | 1.5 | 0.5,new,"Espacio 1 — Gestión multivariable (distance x activation x be simultáneos; atr_mult=1.5/atr_period=14/max_hold=20 fijos; sesión=dcv1_activo_15h única, sin control_8h)",100,98,8.37,0.98,False,1.235,24.5,0.085,1.82,-0.478,8.3,-5.12,8.2,0,95,3
SOLUSDT,2023,candidate,dcv1_activo_15h,0.75,1.5,1.0,0.75 | 1.5 | 1.0,new,"Espacio 1 — Gestión multivariable (distance x activation x be simultáneos; atr_mult=1.5/atr_period=14/max_hold=20 fijos; sesión=dcv1_activo_15h única, sin control_8h)",100,98,8.37,0.98,False,1.388,38.8,0.188,1.729,-0.789,18.38,-4.61,8.2,0,86,12
SOLUSDT,2023,candidate,dcv1_activo_15h,0.75,1.5,1.5,0.75 | 1.5 | 1.5,new,"Espacio 1 — Gestión multivariable (distance x activation x be simultáneos; atr_mult=1.5/atr_period=14/max_hold=20 fijos; sesión=dcv1_activo_15h única, sin control_8h)",100,97,8.35,0.97,False,1.44,44.3,0.222,1.641,-0.907,21.58,-3.67,8.1,0,83,14
SOLUSDT,2023,candidate,dcv1_activo_15h,0.75,2.0,0.5,0.75 | 2.0 | 0.5,new,"Espacio 1 — Gestión multivariable (distance x activation x be simultáneos; atr_mult=1.5/atr_period=14/max_hold=20 fijos; sesión=dcv1_activo_15h única, sin control_8h)",100,98,8.37,0.98,False,1.149,19.4,0.054,2.158,-0.452,5.31,-5.65,8.2,0,93,5
SOLUSDT,2023,candidate,dcv1_activo_15h,0.75,2.0,1.0,0.75 | 2.0 | 1.0,new,"Espacio 1 — Gestión multivariable (distance x activation x be simultáneos; atr_mult=1.5/atr_period=14/max_hold=20 fijos; sesión=dcv1_activo_15h única, sin control_8h)",100,98,8.37,0.98,False,1.308,31.6,0.15,2.015,-0.713,14.72,-4.99,8.2,0,80,18
SOLUSDT,2023,candidate,dcv1_activo_15h,0.75,2.0,1.5,0.75 | 2.0 | 1.5,new,"Espacio 1 — Gestión multivariable (distance x activation x be simultáneos; atr_mult=1.5/atr_period=14/max_hold=20 fijos; sesión=dcv1_activo_15h única, sin control_8h)",100,97,8.35,0.97,False,1.324,35.1,0.165,1.929,-0.787,16.04,-4.5,8.1,0,76,21
SOLUSDT,2023,candidate,dcv1_activo_15h,0.75,2.5,0.5,0.75 | 2.5 | 0.5,new,"Espacio 1 — Gestión multivariable (distance x activation x be simultáneos; atr_mult=1.5/atr_period=14/max_hold=20 fijos; sesión=dcv1_activo_15h única, sin control_8h)",100,98,8.37,0.98,False,1.23,18.4,0.084,2.445,-0.447,8.22,-6.25,8.2,0,90,8
SOLUSDT,2023,candidate,dcv1_activo_15h,0.75,2.5,1.0,0.75 | 2.5 | 1.0,new,"Espacio 1 — Gestión multivariable (distance x activation x be simultáneos; atr_mult=1.5/atr_period=14/max_hold=20 fijos; sesión=dcv1_activo_15h única, sin control_8h)",100,98,8.37,0.98,False,1.353,29.6,0.173,2.236,-0.695,16.91,-6.36,8.2,0,76,22
SOLUSDT,2023,candidate,dcv1_activo_15h,0.75,2.5,1.5,0.75 | 2.5 | 1.5,new,"Espacio 1 — Gestión multivariable (distance x activation x be simultáneos; atr_mult=1.5/atr_period=14/max_hold=20 fijos; sesión=dcv1_activo_15h única, sin control_8h)",100,97,8.35,0.97,False,1.361,33.0,0.185,2.115,-0.765,17.94,-5.87,8.1,0,71,26
SOLUSDT,2023,candidate,dcv1_activo_15h,1.0,1.5,0.5,1.0 | 1.5 | 0.5,new,"Espacio 1 — Gestión multivariable (distance x activation x be simultáneos; atr_mult=1.5/atr_period=14/max_hold=20 fijos; sesión=dcv1_activo_15h única, sin control_8h)",100,98,8.37,0.98,False,1.245,24.5,0.088,1.834,-0.478,8.66,-5.47,8.2,0,92,6
SOLUSDT,2023,candidate,dcv1_activo_15h,1.0,1.5,1.0,1.0 | 1.5 | 1.0,replica,"Espacio 1 — Gestión multivariable (distance x activation x be simultáneos; atr_mult=1.5/atr_period=14/max_hold=20 fijos; sesión=dcv1_activo_15h única, sin control_8h)",100,98,8.37,0.98,False,1.347,38.8,0.168,1.678,-0.789,16.44,-4.87,8.2,0,82,16
SOLUSDT,2023,candidate,dcv1_activo_15h,1.0,1.5,1.5,1.0 | 1.5 | 1.5,new,"Espacio 1 — Gestión multivariable (distance x activation x be simultáneos; atr_mult=1.5/atr_period=14/max_hold=20 fijos; sesión=dcv1_activo_15h única, sin control_8h)",100,97,8.35,0.97,False,1.4,44.3,0.202,1.595,-0.907,19.6,-4.02,8.1,0,77,20
SOLUSDT,2023,candidate,dcv1_activo_15h,1.0,2.0,0.5,1.0 | 2.0 | 0.5,replica,"Espacio 1 — Gestión multivariable (distance x activation x be simultáneos; atr_mult=1.5/atr_period=14/max_hold=20 fijos; sesión=dcv1_activo_15h única, sin control_8h)",100,98,8.37,0.98,False,1.142,19.4,0.052,2.145,-0.452,5.06,-5.88,8.2,0,90,8
SOLUSDT,2023,anchor,dcv1_activo_15h,1.0,2.0,1.0,1.0 | 2.0 | 1.0,replica,"Espacio 1 — Gestión multivariable (distance x activation x be simultáneos; atr_mult=1.5/atr_period=14/max_hold=20 fijos; sesión=dcv1_activo_15h única, sin control_8h)",100,98,8.37,0.98,False,1.272,31.6,0.132,1.958,-0.713,12.96,-5.22,8.2,0,77,21
SOLUSDT,2023,candidate,dcv1_activo_15h,1.0,2.0,1.5,1.0 | 2.0 | 1.5,replica,"Espacio 1 — Gestión multivariable (distance x activation x be simultáneos; atr_mult=1.5/atr_period=14/max_hold=20 fijos; sesión=dcv1_activo_15h única, sin control_8h)",100,97,8.35,0.97,False,1.294,35.1,0.15,1.886,-0.787,14.58,-4.74,8.1,0,72,25
SOLUSDT,2023,candidate,dcv1_activo_15h,1.0,2.5,0.5,1.0 | 2.5 | 0.5,new,"Espacio 1 — Gestión multivariable (distance x activation x be simultáneos; atr_mult=1.5/atr_period=14/max_hold=20 fijos; sesión=dcv1_activo_15h única, sin control_8h)",100,98,8.37,0.98,False,1.196,18.4,0.072,2.378,-0.447,7.01,-6.37,8.2,0,88,10
SOLUSDT,2023,candidate,dcv1_activo_15h,1.0,2.5,1.0,1.0 | 2.5 | 1.0,replica,"Espacio 1 — Gestión multivariable (distance x activation x be simultáneos; atr_mult=1.5/atr_period=14/max_hold=20 fijos; sesión=dcv1_activo_15h única, sin control_8h)",100,98,8.37,0.98,False,1.307,29.6,0.15,2.16,-0.695,14.71,-6.36,8.2,0,74,24
SOLUSDT,2023,candidate,dcv1_activo_15h,1.0,2.5,1.5,1.0 | 2.5 | 1.5,new,"Espacio 1 — Gestión multivariable (distance x activation x be simultáneos; atr_mult=1.5/atr_period=14/max_hold=20 fijos; sesión=dcv1_activo_15h única, sin control_8h)",100,97,8.35,0.97,False,1.316,33.0,0.162,2.046,-0.765,15.73,-5.87,8.1,0,69,28
SOLUSDT,2023,candidate,dcv1_activo_15h,1.5,1.5,0.5,1.5 | 1.5 | 0.5,new,"Espacio 1 — Gestión multivariable (distance x activation x be simultáneos; atr_mult=1.5/atr_period=14/max_hold=20 fijos; sesión=dcv1_activo_15h única, sin control_8h)",100,98,8.37,0.98,False,1.087,24.5,0.031,1.601,-0.478,3.07,-6.08,8.2,0,91,7
SOLUSDT,2023,candidate,dcv1_activo_15h,1.5,1.5,1.0,1.5 | 1.5 | 1.0,new,"Espacio 1 — Gestión multivariable (distance x activation x be simultáneos; atr_mult=1.5/atr_period=14/max_hold=20 fijos; sesión=dcv1_activo_15h única, sin control_8h)",100,98,8.37,0.98,False,1.2,37.8,0.097,1.536,-0.776,9.47,-5.72,8.2,0,78,20
SOLUSDT,2023,candidate,dcv1_activo_15h,1.5,1.5,1.5,1.5 | 1.5 | 1.5,new,"Espacio 1 — Gestión multivariable (distance x activation x be simultáneos; atr_mult=1.5/atr_period=14/max_hold=20 fijos; sesión=dcv1_activo_15h única, sin control_8h)",100,97,8.35,0.97,False,1.225,43.3,0.114,1.43,-0.891,11.04,-4.98,8.1,0,73,24
SOLUSDT,2023,candidate,dcv1_activo_15h,1.5,2.0,0.5,1.5 | 2.0 | 0.5,new,"Espacio 1 — Gestión multivariable (distance x activation x be simultáneos; atr_mult=1.5/atr_period=14/max_hold=20 fijos; sesión=dcv1_activo_15h única, sin control_8h)",100,98,8.37,0.98,False,1.07,19.4,0.026,2.011,-0.452,2.51,-6.25,8.2,0,89,9
SOLUSDT,2023,candidate,dcv1_activo_15h,1.5,2.0,1.0,1.5 | 2.0 | 1.0,replica,"Espacio 1 — Gestión multivariable (distance x activation x be simultáneos; atr_mult=1.5/atr_period=14/max_hold=20 fijos; sesión=dcv1_activo_15h única, sin control_8h)",100,98,8.37,0.98,False,1.184,31.6,0.09,1.823,-0.713,8.78,-5.91,8.2,0,76,22
SOLUSDT,2023,candidate,dcv1_activo_15h,1.5,2.0,1.5,1.5 | 2.0 | 1.5,new,"Espacio 1 — Gestión multivariable (distance x activation x be simultáneos; atr_mult=1.5/atr_period=14/max_hold=20 fijos; sesión=dcv1_activo_15h única, sin control_8h)",100,97,8.35,0.97,False,1.198,35.1,0.101,1.746,-0.787,9.8,-5.42,8.1,0,71,26
SOLUSDT,2023,candidate,dcv1_activo_15h,1.5,2.5,0.5,1.5 | 2.5 | 0.5,new,"Espacio 1 — Gestión multivariable (distance x activation x be simultáneos; atr_mult=1.5/atr_period=14/max_hold=20 fijos; sesión=dcv1_activo_15h única, sin control_8h)",100,98,8.37,0.98,False,1.056,18.4,0.021,2.1,-0.447,2.01,-6.6,8.2,0,88,10
SOLUSDT,2023,candidate,dcv1_activo_15h,1.5,2.5,1.0,1.5 | 2.5 | 1.0,new,"Espacio 1 — Gestión multivariable (distance x activation x be simultáneos; atr_mult=1.5/atr_period=14/max_hold=20 fijos; sesión=dcv1_activo_15h única, sin control_8h)",100,98,8.37,0.98,False,1.161,29.6,0.079,1.919,-0.695,7.71,-6.85,8.2,0,74,24
SOLUSDT,2023,candidate,dcv1_activo_15h,1.5,2.5,1.5,1.5 | 2.5 | 1.5,new,"Espacio 1 — Gestión multivariable (distance x activation x be simultáneos; atr_mult=1.5/atr_period=14/max_hold=20 fijos; sesión=dcv1_activo_15h única, sin control_8h)",100,97,8.35,0.97,False,1.176,33.0,0.09,1.828,-0.765,8.73,-6.18,8.1,0,69,28
