asset,year,role,session,atr_mult,candidate,hypothesis,exit_config,n_entries,n_trades,entries_per_month,fill_rate,gate_pass,pf,wr,exp_r,avg_win,avg_loss,total_r,max_dd,freq,be,reason_stop,reason_timeout,source
BTCUSDT,2022,control,control_8h,1.0,1.0 | control_8h,secondary,"atr_mult x sesión (be=1.0R/activation=2.0R/distance=1.0R, atr_period=14/max_hold=20 fijos; atr_mult & sesión variable — control_8h leído de H1, no recomputado)",63,62,5.28,0.984,False,1.31,35.5,0.156,1.854,-0.778,9.65,-2.39,5.2,0,58,4,"gestion_campaign_atr_mult_results.csv (H1, no recomputado)"
BTCUSDT,2022,control,control_8h,1.5,1.5 | control_8h,secondary,"atr_mult x sesión (be=1.0R/activation=2.0R/distance=1.0R, atr_period=14/max_hold=20 fijos; atr_mult & sesión variable — control_8h leído de H1, no recomputado)",63,62,5.28,0.984,False,0.895,27.4,-0.052,1.629,-0.688,-3.25,-4.63,5.2,0,54,8,"gestion_campaign_atr_mult_results.csv (H1, no recomputado)"
BTCUSDT,2022,control,control_8h,2.0,2.0 | control_8h,secondary,"atr_mult x sesión (be=1.0R/activation=2.0R/distance=1.0R, atr_period=14/max_hold=20 fijos; atr_mult & sesión variable — control_8h leído de H1, no recomputado)",63,60,5.25,0.952,False,1.102,31.7,0.042,1.419,-0.597,2.49,-2.88,5.0,0,43,17,"gestion_campaign_atr_mult_results.csv (H1, no recomputado)"
BTCUSDT,2022,control,control_8h,3.0,3.0 | control_8h,primary,"atr_mult x sesión (be=1.0R/activation=2.0R/distance=1.0R, atr_period=14/max_hold=20 fijos; atr_mult & sesión variable — control_8h leído de H1, no recomputado)",63,60,5.25,0.952,False,1.356,41.7,0.124,1.13,-0.595,7.42,-2.02,5.0,0,27,33,"gestion_campaign_atr_mult_results.csv (H1, no recomputado)"
ETHUSDT,2022,control,control_8h,1.0,1.0 | control_8h,secondary,"atr_mult x sesión (be=1.0R/activation=2.0R/distance=1.0R, atr_period=14/max_hold=20 fijos; atr_mult & sesión variable — control_8h leído de H1, no recomputado)",49,48,4.08,0.98,False,0.939,29.2,-0.031,1.661,-0.728,-1.51,-3.37,4.0,0,44,4,"gestion_campaign_atr_mult_results.csv (H1, no recomputado)"
ETHUSDT,2022,control,control_8h,1.5,1.5 | control_8h,secondary,"atr_mult x sesión (be=1.0R/activation=2.0R/distance=1.0R, atr_period=14/max_hold=20 fijos; atr_mult & sesión variable — control_8h leído de H1, no recomputado)",49,48,4.08,0.98,False,0.971,33.3,-0.014,1.397,-0.719,-0.67,-1.95,4.0,0,38,10,"gestion_campaign_atr_mult_results.csv (H1, no recomputado)"
ETHUSDT,2022,control,control_8h,2.0,2.0 | control_8h,secondary,"atr_mult x sesión (be=1.0R/activation=2.0R/distance=1.0R, atr_period=14/max_hold=20 fijos; atr_mult & sesión variable — control_8h leído de H1, no recomputado)",49,48,4.08,0.98,False,1.054,37.5,0.024,1.256,-0.715,1.16,-2.2,4.0,0,31,17,"gestion_campaign_atr_mult_results.csv (H1, no recomputado)"
ETHUSDT,2022,control,control_8h,3.0,3.0 | control_8h,primary,"atr_mult x sesión (be=1.0R/activation=2.0R/distance=1.0R, atr_period=14/max_hold=20 fijos; atr_mult & sesión variable — control_8h leído de H1, no recomputado)",49,47,4.17,0.959,False,1.316,48.9,0.097,0.828,-0.603,4.57,-1.33,4.0,0,13,34,"gestion_campaign_atr_mult_results.csv (H1, no recomputado)"
SOLUSDT,2022,control,control_8h,1.0,1.0 | control_8h,secondary,"atr_mult x sesión (be=1.0R/activation=2.0R/distance=1.0R, atr_period=14/max_hold=20 fijos; atr_mult & sesión variable — control_8h leído de H1, no recomputado)",63,61,5.37,0.968,False,1.086,27.9,0.037,1.688,-0.6,2.28,-4.18,5.2,0,56,5,"gestion_campaign_atr_mult_results.csv (H1, no recomputado)"
SOLUSDT,2022,control,control_8h,1.5,1.5 | control_8h,secondary,"atr_mult x sesión (be=1.0R/activation=2.0R/distance=1.0R, atr_period=14/max_hold=20 fijos; atr_mult & sesión variable — control_8h leído de H1, no recomputado)",63,61,5.37,0.968,False,1.152,32.8,0.071,1.649,-0.698,4.35,-4.6,5.2,0,56,5,"gestion_campaign_atr_mult_results.csv (H1, no recomputado)"
SOLUSDT,2022,control,control_8h,2.0,2.0 | control_8h,secondary,"atr_mult x sesión (be=1.0R/activation=2.0R/distance=1.0R, atr_period=14/max_hold=20 fijos; atr_mult & sesión variable — control_8h leído de H1, no recomputado)",63,61,5.37,0.968,False,0.958,34.4,-0.018,1.195,-0.655,-1.09,-3.25,5.2,0,40,21,"gestion_campaign_atr_mult_results.csv (H1, no recomputado)"
SOLUSDT,2022,control,control_8h,3.0,3.0 | control_8h,primary,"atr_mult x sesión (be=1.0R/activation=2.0R/distance=1.0R, atr_period=14/max_hold=20 fijos; atr_mult & sesión variable — control_8h leído de H1, no recomputado)",63,61,5.37,0.968,False,1.014,44.3,0.004,0.724,-0.567,0.27,-3.0,5.2,0,20,41,"gestion_campaign_atr_mult_results.csv (H1, no recomputado)"
BTCUSDT,2023,control,control_8h,1.0,1.0 | control_8h,secondary,"atr_mult x sesión (be=1.0R/activation=2.0R/distance=1.0R, atr_period=14/max_hold=20 fijos; atr_mult & sesión variable — control_8h leído de H1, no recomputado)",62,61,5.39,0.984,False,1.012,32.8,0.008,1.944,-0.937,0.48,-3.44,5.3,0,58,3,"gestion_campaign_atr_mult_results.csv (H1, no recomputado)"
BTCUSDT,2023,control,control_8h,1.5,1.5 | control_8h,secondary,"atr_mult x sesión (be=1.0R/activation=2.0R/distance=1.0R, atr_period=14/max_hold=20 fijos; atr_mult & sesión variable — control_8h leído de H1, no recomputado)",62,61,5.39,0.984,False,0.713,24.6,-0.169,1.702,-0.779,-10.29,-5.18,5.3,0,53,8,"gestion_campaign_atr_mult_results.csv (H1, no recomputado)"
BTCUSDT,2023,control,control_8h,2.0,2.0 | control_8h,secondary,"atr_mult x sesión (be=1.0R/activation=2.0R/distance=1.0R, atr_period=14/max_hold=20 fijos; atr_mult & sesión variable — control_8h leído de H1, no recomputado)",62,61,5.39,0.984,False,0.685,24.6,-0.156,1.385,-0.659,-9.53,-4.73,5.3,0,46,15,"gestion_campaign_atr_mult_results.csv (H1, no recomputado)"
BTCUSDT,2023,control,control_8h,3.0,3.0 | control_8h,primary,"atr_mult x sesión (be=1.0R/activation=2.0R/distance=1.0R, atr_period=14/max_hold=20 fijos; atr_mult & sesión variable — control_8h leído de H1, no recomputado)",62,60,5.37,0.968,False,0.631,28.3,-0.14,0.845,-0.529,-8.39,-5.59,5.2,0,28,32,"gestion_campaign_atr_mult_results.csv (H1, no recomputado)"
ETHUSDT,2023,control,control_8h,1.0,1.0 | control_8h,secondary,"atr_mult x sesión (be=1.0R/activation=2.0R/distance=1.0R, atr_period=14/max_hold=20 fijos; atr_mult & sesión variable — control_8h leído de H1, no recomputado)",69,69,5.8,1.0,False,0.617,24.6,-0.227,1.485,-0.787,-15.67,-12.23,5.8,0,66,3,"gestion_campaign_atr_mult_results.csv (H1, no recomputado)"
ETHUSDT,2023,control,control_8h,1.5,1.5 | control_8h,secondary,"atr_mult x sesión (be=1.0R/activation=2.0R/distance=1.0R, atr_period=14/max_hold=20 fijos; atr_mult & sesión variable — control_8h leído de H1, no recomputado)",69,67,5.77,0.971,False,0.952,29.9,-0.025,1.636,-0.731,-1.65,-7.21,5.6,0,56,11,"gestion_campaign_atr_mult_results.csv (H1, no recomputado)"
ETHUSDT,2023,control,control_8h,2.0,2.0 | control_8h,secondary,"atr_mult x sesión (be=1.0R/activation=2.0R/distance=1.0R, atr_period=14/max_hold=20 fijos; atr_mult & sesión variable — control_8h leído de H1, no recomputado)",69,67,5.77,0.971,False,1.053,29.9,0.025,1.658,-0.67,1.65,-7.29,5.6,0,50,17,"gestion_campaign_atr_mult_results.csv (H1, no recomputado)"
ETHUSDT,2023,control,control_8h,3.0,3.0 | control_8h,primary,"atr_mult x sesión (be=1.0R/activation=2.0R/distance=1.0R, atr_period=14/max_hold=20 fijos; atr_mult & sesión variable — control_8h leído de H1, no recomputado)",69,66,5.75,0.957,False,0.756,30.3,-0.105,1.069,-0.615,-6.92,-6.62,5.5,0,35,31,"gestion_campaign_atr_mult_results.csv (H1, no recomputado)"
SOLUSDT,2023,control,control_8h,1.0,1.0 | control_8h,secondary,"atr_mult x sesión (be=1.0R/activation=2.0R/distance=1.0R, atr_period=14/max_hold=20 fijos; atr_mult & sesión variable — control_8h leído de H1, no recomputado)",56,56,4.7,1.0,False,1.457,26.8,0.245,2.92,-0.733,13.73,-4.65,4.7,0,55,1,"gestion_campaign_atr_mult_results.csv (H1, no recomputado)"
SOLUSDT,2023,control,control_8h,1.5,1.5 | control_8h,secondary,"atr_mult x sesión (be=1.0R/activation=2.0R/distance=1.0R, atr_period=14/max_hold=20 fijos; atr_mult & sesión variable — control_8h leído de H1, no recomputado)",56,56,4.7,1.0,False,1.138,28.6,0.072,2.088,-0.734,4.04,-6.3,4.7,0,46,10,"gestion_campaign_atr_mult_results.csv (H1, no recomputado)"
SOLUSDT,2023,control,control_8h,2.0,2.0 | control_8h,secondary,"atr_mult x sesión (be=1.0R/activation=2.0R/distance=1.0R, atr_period=14/max_hold=20 fijos; atr_mult & sesión variable — control_8h leído de H1, no recomputado)",56,55,4.79,0.982,False,1.283,32.7,0.116,1.614,-0.612,6.4,-3.12,4.7,0,38,17,"gestion_campaign_atr_mult_results.csv (H1, no recomputado)"
SOLUSDT,2023,control,control_8h,3.0,3.0 | control_8h,primary,"atr_mult x sesión (be=1.0R/activation=2.0R/distance=1.0R, atr_period=14/max_hold=20 fijos; atr_mult & sesión variable — control_8h leído de H1, no recomputado)",56,54,4.77,0.964,False,1.567,37.0,0.187,1.396,-0.524,10.1,-2.67,4.6,0,20,34,"gestion_campaign_atr_mult_results.csv (H1, no recomputado)"
BTCUSDT,2022,candidate,dcv1_activo_15h,1.0,1.0 | dcv1_activo_15h,secondary,"atr_mult x sesión (be=1.0R/activation=2.0R/distance=1.0R, atr_period=14/max_hold=20 fijos; atr_mult & sesión variable — control_8h leído de H1, no recomputado)",119,118,9.98,0.992,False,0.722,25.4,-0.166,1.693,-0.8,-19.6,-11.91,9.9,0,111,7,computado hoy (dcv1_activo_15h)
BTCUSDT,2022,candidate,dcv1_activo_15h,1.5,1.5 | dcv1_activo_15h,secondary,"atr_mult x sesión (be=1.0R/activation=2.0R/distance=1.0R, atr_period=14/max_hold=20 fijos; atr_mult & sesión variable — control_8h leído de H1, no recomputado)",119,115,9.93,0.966,False,0.681,27.0,-0.177,1.397,-0.757,-20.31,-12.27,9.6,0,99,16,computado hoy (dcv1_activo_15h)
BTCUSDT,2022,candidate,dcv1_activo_15h,2.0,2.0 | dcv1_activo_15h,secondary,"atr_mult x sesión (be=1.0R/activation=2.0R/distance=1.0R, atr_period=14/max_hold=20 fijos; atr_mult & sesión variable — control_8h leído de H1, no recomputado)",119,110,9.95,0.924,False,0.775,30.9,-0.105,1.172,-0.676,-11.54,-8.37,9.2,0,78,32,computado hoy (dcv1_activo_15h)
BTCUSDT,2022,candidate,dcv1_activo_15h,3.0,3.0 | dcv1_activo_15h,primary,"atr_mult x sesión (be=1.0R/activation=2.0R/distance=1.0R, atr_period=14/max_hold=20 fijos; atr_mult & sesión variable — control_8h leído de H1, no recomputado)",119,108,10.03,0.908,False,1.031,44.4,0.011,0.848,-0.658,1.21,-3.12,9.1,0,49,59,computado hoy (dcv1_activo_15h)
ETHUSDT,2022,candidate,dcv1_activo_15h,1.0,1.0 | dcv1_activo_15h,secondary,"atr_mult x sesión (be=1.0R/activation=2.0R/distance=1.0R, atr_period=14/max_hold=20 fijos; atr_mult & sesión variable — control_8h leído de H1, no recomputado)",113,107,9.5,0.947,False,1.2,31.8,0.104,1.965,-0.763,11.13,-6.85,9.0,0,97,10,computado hoy (dcv1_activo_15h)
ETHUSDT,2022,candidate,dcv1_activo_15h,1.5,1.5 | dcv1_activo_15h,secondary,"atr_mult x sesión (be=1.0R/activation=2.0R/distance=1.0R, atr_period=14/max_hold=20 fijos; atr_mult & sesión variable — control_8h leído de H1, no recomputado)",113,107,9.5,0.947,False,1.033,34.6,0.016,1.488,-0.762,1.75,-6.74,9.0,0,83,24,computado hoy (dcv1_activo_15h)
ETHUSDT,2022,candidate,dcv1_activo_15h,2.0,2.0 | dcv1_activo_15h,secondary,"atr_mult x sesión (be=1.0R/activation=2.0R/distance=1.0R, atr_period=14/max_hold=20 fijos; atr_mult & sesión variable — control_8h leído de H1, no recomputado)",113,103,9.54,0.912,False,1.141,40.8,0.061,1.203,-0.726,6.25,-3.6,8.7,0,64,39,computado hoy (dcv1_activo_15h)
ETHUSDT,2022,candidate,dcv1_activo_15h,3.0,3.0 | dcv1_activo_15h,primary,"atr_mult x sesión (be=1.0R/activation=2.0R/distance=1.0R, atr_period=14/max_hold=20 fijos; atr_mult & sesión variable — control_8h leído de H1, no recomputado)",113,100,9.49,0.885,False,1.263,50.0,0.079,0.758,-0.6,7.88,-2.46,8.4,0,34,66,computado hoy (dcv1_activo_15h)
SOLUSDT,2022,candidate,dcv1_activo_15h,1.0,1.0 | dcv1_activo_15h,secondary,"atr_mult x sesión (be=1.0R/activation=2.0R/distance=1.0R, atr_period=14/max_hold=20 fijos; atr_mult & sesión variable — control_8h leído de H1, no recomputado)",107,105,8.97,0.981,False,1.04,26.7,0.019,1.833,-0.641,1.99,-5.53,8.8,0,97,8,computado hoy (dcv1_activo_15h)
SOLUSDT,2022,candidate,dcv1_activo_15h,1.5,1.5 | dcv1_activo_15h,secondary,"atr_mult x sesión (be=1.0R/activation=2.0R/distance=1.0R, atr_period=14/max_hold=20 fijos; atr_mult & sesión variable — control_8h leído de H1, no recomputado)",107,103,8.93,0.963,False,1.003,31.1,0.001,1.539,-0.691,0.15,-5.44,8.6,0,87,16,computado hoy (dcv1_activo_15h)
SOLUSDT,2022,candidate,dcv1_activo_15h,2.0,2.0 | dcv1_activo_15h,secondary,"atr_mult x sesión (be=1.0R/activation=2.0R/distance=1.0R, atr_period=14/max_hold=20 fijos; atr_mult & sesión variable — control_8h leído de H1, no recomputado)",107,101,8.9,0.944,False,0.954,34.7,-0.02,1.203,-0.669,-2.02,-4.75,8.4,0,64,37,computado hoy (dcv1_activo_15h)
SOLUSDT,2022,candidate,dcv1_activo_15h,3.0,3.0 | dcv1_activo_15h,primary,"atr_mult x sesión (be=1.0R/activation=2.0R/distance=1.0R, atr_period=14/max_hold=20 fijos; atr_mult & sesión variable — control_8h leído de H1, no recomputado)",107,100,8.99,0.935,False,1.151,43.0,0.046,0.813,-0.533,4.59,-4.07,8.4,0,31,69,computado hoy (dcv1_activo_15h)
BTCUSDT,2023,candidate,dcv1_activo_15h,1.0,1.0 | dcv1_activo_15h,secondary,"atr_mult x sesión (be=1.0R/activation=2.0R/distance=1.0R, atr_period=14/max_hold=20 fijos; atr_mult & sesión variable — control_8h leído de H1, no recomputado)",110,109,9.39,0.991,False,1.185,31.2,0.119,2.445,-0.935,12.99,-5.84,9.3,0,101,8,computado hoy (dcv1_activo_15h)
BTCUSDT,2023,candidate,dcv1_activo_15h,1.5,1.5 | dcv1_activo_15h,secondary,"atr_mult x sesión (be=1.0R/activation=2.0R/distance=1.0R, atr_period=14/max_hold=20 fijos; atr_mult & sesión variable — control_8h leído de H1, no recomputado)",110,108,9.37,0.982,False,1.021,29.6,0.012,1.935,-0.798,1.28,-6.88,9.2,0,93,15,computado hoy (dcv1_activo_15h)
BTCUSDT,2023,candidate,dcv1_activo_15h,2.0,2.0 | dcv1_activo_15h,secondary,"atr_mult x sesión (be=1.0R/activation=2.0R/distance=1.0R, atr_period=14/max_hold=20 fijos; atr_mult & sesión variable — control_8h leído de H1, no recomputado)",110,106,9.34,0.964,False,0.967,29.2,-0.016,1.62,-0.692,-1.7,-5.15,9.0,0,82,24,computado hoy (dcv1_activo_15h)
BTCUSDT,2023,candidate,dcv1_activo_15h,3.0,3.0 | dcv1_activo_15h,primary,"atr_mult x sesión (be=1.0R/activation=2.0R/distance=1.0R, atr_period=14/max_hold=20 fijos; atr_mult & sesión variable — control_8h leído de H1, no recomputado)",110,104,9.41,0.945,False,0.875,32.7,-0.046,0.991,-0.55,-4.82,-6.59,8.9,0,51,53,computado hoy (dcv1_activo_15h)
ETHUSDT,2023,candidate,dcv1_activo_15h,1.0,1.0 | dcv1_activo_15h,secondary,"atr_mult x sesión (be=1.0R/activation=2.0R/distance=1.0R, atr_period=14/max_hold=20 fijos; atr_mult & sesión variable — control_8h leído de H1, no recomputado)",118,116,9.87,0.983,False,0.664,25.0,-0.198,1.569,-0.787,-23.01,-15.53,9.7,0,108,8,computado hoy (dcv1_activo_15h)
ETHUSDT,2023,candidate,dcv1_activo_15h,1.5,1.5 | dcv1_activo_15h,secondary,"atr_mult x sesión (be=1.0R/activation=2.0R/distance=1.0R, atr_period=14/max_hold=20 fijos; atr_mult & sesión variable — control_8h leído de H1, no recomputado)",118,113,9.82,0.958,False,0.782,26.5,-0.119,1.606,-0.743,-13.44,-12.44,9.4,0,95,18,computado hoy (dcv1_activo_15h)
ETHUSDT,2023,candidate,dcv1_activo_15h,2.0,2.0 | dcv1_activo_15h,secondary,"atr_mult x sesión (be=1.0R/activation=2.0R/distance=1.0R, atr_period=14/max_hold=20 fijos; atr_mult & sesión variable — control_8h leído de H1, no recomputado)",118,111,9.89,0.941,False,0.825,27.0,-0.091,1.586,-0.712,-10.12,-11.24,9.3,0,81,30,computado hoy (dcv1_activo_15h)
ETHUSDT,2023,candidate,dcv1_activo_15h,3.0,3.0 | dcv1_activo_15h,primary,"atr_mult x sesión (be=1.0R/activation=2.0R/distance=1.0R, atr_period=14/max_hold=20 fijos; atr_mult & sesión variable — control_8h leído de H1, no recomputado)",118,108,9.83,0.915,False,0.676,27.8,-0.137,1.03,-0.586,-14.82,-8.22,9.0,0,51,57,computado hoy (dcv1_activo_15h)
SOLUSDT,2023,candidate,dcv1_activo_15h,1.0,1.0 | dcv1_activo_15h,secondary,"atr_mult x sesión (be=1.0R/activation=2.0R/distance=1.0R, atr_period=14/max_hold=20 fijos; atr_mult & sesión variable — control_8h leído de H1, no recomputado)",100,99,8.38,0.99,False,1.196,25.3,0.104,2.515,-0.71,10.32,-7.35,8.3,0,97,2,computado hoy (dcv1_activo_15h)
SOLUSDT,2023,candidate,dcv1_activo_15h,1.5,1.5 | dcv1_activo_15h,secondary,"atr_mult x sesión (be=1.0R/activation=2.0R/distance=1.0R, atr_period=14/max_hold=20 fijos; atr_mult & sesión variable — control_8h leído de H1, no recomputado)",100,98,8.37,0.98,False,1.272,31.6,0.132,1.958,-0.713,12.96,-5.22,8.2,0,77,21,computado hoy (dcv1_activo_15h)
SOLUSDT,2023,candidate,dcv1_activo_15h,2.0,2.0 | dcv1_activo_15h,secondary,"atr_mult x sesión (be=1.0R/activation=2.0R/distance=1.0R, atr_period=14/max_hold=20 fijos; atr_mult & sesión variable — control_8h leído de H1, no recomputado)",100,94,8.4,0.94,False,1.372,37.2,0.151,1.493,-0.645,14.17,-3.76,7.9,0,62,32,computado hoy (dcv1_activo_15h)
SOLUSDT,2023,candidate,dcv1_activo_15h,3.0,3.0 | dcv1_activo_15h,primary,"atr_mult x sesión (be=1.0R/activation=2.0R/distance=1.0R, atr_period=14/max_hold=20 fijos; atr_mult & sesión variable — control_8h leído de H1, no recomputado)",100,93,8.39,0.93,False,1.408,40.9,0.136,1.147,-0.563,12.64,-2.76,7.8,0,34,59,computado hoy (dcv1_activo_15h)
