symbol,entry_time,direction,entry,sl,tp,outcome,pnl_r,mfe_r,mae_r,duration_h,periodo
BTCUSDT,2022-01-02 15:00:00+00:00,long,47329.68,46834.4113,48567.8517,sl,-1.0,1.353,1.462,3,2022
BTCUSDT,2022-01-09 10:00:00+00:00,short,41636.97,42232.0275,40149.3263,sl,-1.0,0.785,1.094,8,2022
BTCUSDT,2022-01-10 09:00:00+00:00,short,41788.54,42308.7348,40488.0529,tp,2.5,4.188,0.349,5,2022
BTCUSDT,2022-01-11 14:00:00+00:00,short,41616.57,42279.5227,39959.1882,sl,-1.0,0.327,1.965,2,2022
BTCUSDT,2022-01-15 13:00:00+00:00,short,42889.22,43340.541,41760.9176,sl,-1.0,0.372,1.109,2,2022
BTCUSDT,2022-01-23 16:00:00+00:00,short,35211.97,35983.237,33283.8025,sl,-1.0,0.808,1.666,7,2022
BTCUSDT,2022-02-02 13:00:00+00:00,short,38350.65,38799.8281,37227.7048,tp,2.5,2.891,0.137,3,2022
BTCUSDT,2022-02-10 08:00:00+00:00,long,44189.67,43608.8595,45641.6963,sl,-1.0,1.692,1.015,5,2022
BTCUSDT,2022-02-13 10:00:00+00:00,long,42552.11,42072.781,43750.4326,sl,-1.0,0.425,1.042,7,2022
BTCUSDT,2022-03-06 07:00:00+00:00,short,39369.6,39833.6648,38209.4381,tp,2.5,2.736,0.0,3,2022
BTCUSDT,2022-03-12 15:00:00+00:00,short,39018.3,39506.0987,37798.8032,sl,-1.0,0.135,1.148,2,2022
BTCUSDT,2022-03-13 09:00:00+00:00,short,38964.0,39329.1955,38051.0113,tp,2.5,4.009,0.245,13,2022
BTCUSDT,2022-03-23 15:00:00+00:00,long,42588.7,42030.2081,43984.9297,sl,-1.0,0.297,1.009,3,2022
BTCUSDT,2022-04-01 15:00:00+00:00,long,46523.5,45899.5189,48083.4527,sl,-1.0,0.099,1.025,2,2022
BTCUSDT,2022-04-03 07:00:00+00:00,long,46363.7,45854.3885,47636.9787,sl,-1.0,2.129,1.218,17,2022
BTCUSDT,2022-04-10 13:00:00+00:00,short,42556.5,42861.438,41794.155,sl,-1.0,0.133,2.563,4,2022
BTCUSDT,2022-04-13 10:00:00+00:00,short,39788.1,40316.1217,38468.0458,sl,-1.0,0.355,1.449,3,2022
BTCUSDT,2022-04-16 15:00:00+00:00,short,40039.8,40569.0,38716.8,sl,-1.0,0.109,1.074,6,2022
BTCUSDT,2022-04-17 16:00:00+00:00,short,40175.2,40467.5081,39444.4298,tp,2.5,5.389,0.897,12,2022
BTCUSDT,2022-04-26 14:00:00+00:00,short,39269.7,39826.9,37876.7,tp,2.5,2.67,0.144,5,2022
BTCUSDT,2022-05-05 14:00:00+00:00,short,38214.8,39060.0,36101.8,tp,2.5,3.17,0.022,1,2022
BTCUSDT,2022-05-26 08:00:00+00:00,short,28991.0,29729.8,27144.0,sl,-1.0,1.406,1.079,8,2022
BTCUSDT,2022-06-01 07:00:00+00:00,short,31479.6,31868.3712,30507.6719,sl,-1.0,0.134,1.05,6,2022
BTCUSDT,2022-06-01 14:00:00+00:00,short,31160.5,31802.8,29554.75,tp,2.5,2.897,0.093,6,2022
BTCUSDT,2022-06-05 07:00:00+00:00,short,29630.6,29841.6601,29102.9496,sl,-1.0,0.505,1.632,8,2022
BTCUSDT,2022-06-25 15:00:00+00:00,short,20958.9,21283.2663,20147.9844,sl,-1.0,0.158,1.775,6,2022
BTCUSDT,2022-06-28 15:00:00+00:00,short,20595.4,20900.5608,19832.4979,tp,2.5,2.55,0.533,20,2022
BTCUSDT,2022-07-01 10:00:00+00:00,short,19062.5,19595.4151,17730.2123,sl,-1.0,0.213,1.132,3,2022
BTCUSDT,2022-08-03 08:00:00+00:00,long,23284.5,22979.2,24047.75,sl,-1.0,1.197,1.387,14,2022
BTCUSDT,2022-08-07 14:00:00+00:00,long,23108.6,22958.0192,23485.052,tp,2.5,4.469,0.827,16,2022
BTCUSDT,2022-08-22 07:00:00+00:00,short,21089.1,21366.8,20394.85,sl,-1.0,0.83,1.045,6,2022
BTCUSDT,2022-08-30 15:00:00+00:00,short,19743.8,20007.8953,19083.5618,sl,-1.0,0.831,1.292,4,2022
BTCUSDT,2022-09-06 16:00:00+00:00,short,19737.7,19954.7571,19195.0573,tp,2.5,4.104,0.046,1,2022
BTCUSDT,2022-09-18 10:00:00+00:00,short,19909.5,20095.0995,19445.5012,tp,2.5,2.799,0.59,11,2022
BTCUSDT,2022-09-23 10:00:00+00:00,short,18954.0,19249.1645,18216.0889,sl,-1.0,1.475,1.284,12,2022
BTCUSDT,2022-09-25 13:00:00+00:00,short,18925.2,19104.0437,18478.0907,sl,-1.0,0.51,1.066,3,2022
BTCUSDT,2022-09-29 13:00:00+00:00,short,18981.0,19357.0,18041.0,sl,-1.0,0.409,1.776,3,2022
BTCUSDT,2022-10-23 10:00:00+00:00,short,19160.0,19217.3877,19016.5308,sl,-1.0,1.917,5.865,7,2022
BTCUSDT,2022-10-24 14:00:00+00:00,short,19264.7,19411.7798,18897.0004,sl,-1.0,0.335,1.023,5,2022
BTCUSDT,2022-11-20 09:00:00+00:00,short,16619.9,16706.9326,16402.3185,tp,2.5,4.763,0.599,12,2022
BTCUSDT,2022-12-02 13:00:00+00:00,short,16881.5,17096.3,16344.5,sl,-1.0,0.16,1.297,11,2022
BTCUSDT,2022-12-03 08:00:00+00:00,short,16939.6,17034.6057,16702.0857,sl,-1.0,0.942,1.12,17,2022
BTCUSDT,2022-12-04 13:00:00+00:00,short,16939.6,17020.2655,16737.9362,sl,-1.0,0.216,1.512,2,2022
BTCUSDT,2022-12-18 09:00:00+00:00,short,16689.6,16773.0702,16480.9244,sl,-1.0,0.315,1.203,9,2022
BTCUSDT,2022-12-19 15:00:00+00:00,short,16660.2,16747.9229,16440.8928,tp,2.5,5.132,0.396,7,2022
BTCUSDT,2022-12-25 07:00:00+00:00,short,16816.8,16851.6044,16729.789,tp,2.5,3.356,0.325,7,2022
BTCUSDT,2022-12-26 15:00:00+00:00,short,16801.2,16849.6323,16680.1192,sl,-1.0,0.19,1.142,4,2022
BTCUSDT,2023-01-03 15:00:00+00:00,short,16670.8,16738.7434,16500.9415,sl,-1.0,1.038,1.163,11,2023
BTCUSDT,2023-01-23 10:00:00+00:00,long,22909.0,22671.8929,23501.7677,sl,-1.0,0.329,1.027,3,2023
BTCUSDT,2023-01-31 15:00:00+00:00,long,23113.9,22897.1557,23655.7607,sl,-1.0,0.497,1.43,6,2023
BTCUSDT,2023-02-01 14:00:00+00:00,long,23098.0,22917.2785,23549.8037,sl,-1.0,0.093,1.054,2,2023
BTCUSDT,2023-02-04 14:00:00+00:00,long,23462.5,23302.5303,23862.4242,sl,-1.0,0.074,1.278,9,2023
BTCUSDT,2023-02-07 09:00:00+00:00,long,23001.6,22837.8486,23410.9786,sl,-1.0,2.241,1.463,9,2023
BTCUSDT,2023-02-28 15:00:00+00:00,long,23511.2,23298.4738,24043.0155,sl,-1.0,0.384,1.486,4,2023
BTCUSDT,2023-03-07 09:00:00+00:00,short,22370.8,22476.1395,22107.4513,sl,-1.0,4.393,1.061,6,2023
BTCUSDT,2023-03-11 08:00:00+00:00,short,20060.4,20455.3415,19073.0462,sl,-1.0,0.29,1.192,15,2023
BTCUSDT,2023-03-16 09:00:00+00:00,long,24655.4,24217.8598,25749.2505,tp,2.5,2.837,0.319,17,2023
BTCUSDT,2023-03-19 14:00:00+00:00,long,27316.6,26961.1516,28205.2209,tp,2.5,2.835,0.047,4,2023
BTCUSDT,2023-03-23 15:00:00+00:00,long,28574.5,27968.0,30090.75,sl,-1.0,0.117,1.31,3,2023
BTCUSDT,2023-04-03 10:00:00+00:00,long,28291.3,27993.0846,29036.8386,sl,-1.0,0.264,1.201,4,2023
BTCUSDT,2023-04-18 09:00:00+00:00,long,29887.0,29655.4814,30465.7964,tp,2.5,2.561,0.159,3,2023
BTCUSDT,2023-04-23 15:00:00+00:00,short,27460.2,27697.9988,26865.7029,sl,-1.0,0.644,1.72,9,2023
BTCUSDT,2023-04-24 08:00:00+00:00,short,27173.9,27510.0,26333.65,sl,-1.0,0.071,1.101,3,2023
BTCUSDT,2023-04-30 09:00:00+00:00,long,29242.7,29099.1074,29601.6816,tp,2.5,4.926,0.646,6,2023
BTCUSDT,2023-05-07 15:00:00+00:00,long,28933.1,28709.9222,29491.0445,sl,-1.0,0.389,1.044,7,2023
BTCUSDT,2023-05-10 07:00:00+00:00,short,27532.4,27747.8079,26993.8802,sl,-1.0,0.346,2.955,5,2023
BTCUSDT,2023-05-18 16:00:00+00:00,short,27060.1,27304.7354,26448.5115,tp,2.5,2.963,0.074,1,2023
BTCUSDT,2023-06-12 15:00:00+00:00,short,25809.3,26019.8829,25282.8428,sl,-1.0,0.804,1.029,9,2023
BTCUSDT,2023-06-29 08:00:00+00:00,long,30376.4,30137.3766,30973.9585,tp,2.5,3.864,0.646,20,2023
BTCUSDT,2023-07-02 14:00:00+00:00,long,30586.5,30462.3517,30896.8706,sl,-1.0,0.189,3.517,1,2023
BTCUSDT,2023-07-02 16:00:00+00:00,long,30558.4,30379.9928,31004.4179,sl,-1.0,0.108,1.122,2,2023
BTCUSDT,2023-07-06 07:00:00+00:00,long,30792.3,30583.5266,31314.2335,tp,2.5,2.716,0.102,1,2023
BTCUSDT,2023-07-10 14:00:00+00:00,long,30296.8,30121.8185,30734.2538,tp,2.5,3.047,0.419,5,2023
BTCUSDT,2023-07-16 14:00:00+00:00,long,30388.6,30267.2401,30691.9996,sl,-1.0,0.256,1.604,4,2023
BTCUSDT,2023-07-26 10:00:00+00:00,short,29180.0,29323.767,28820.5826,sl,-1.0,0.242,1.178,4,2023
BTCUSDT,2023-07-29 10:00:00+00:00,short,29264.7,29362.3818,29020.4954,sl,-1.0,0.189,1.066,10,2023
BTCUSDT,2023-07-31 15:00:00+00:00,short,29231.3,29363.5386,28900.7034,tp,2.5,4.133,0.802,11,2023
BTCUSDT,2023-08-07 13:00:00+00:00,short,29019.4,29124.9736,28755.466,tp,2.5,3.193,0.438,3,2023
BTCUSDT,2023-09-06 07:00:00+00:00,short,25715.0,25830.0781,25427.3048,sl,-1.0,3.38,2.928,10,2023
BTCUSDT,2023-09-11 09:00:00+00:00,short,25727.3,25874.7903,25358.5742,tp,2.5,5.194,0.152,5,2023
BTCUSDT,2023-09-20 14:00:00+00:00,long,27109.9,26875.7338,27695.3155,sl,-1.0,0.803,1.58,5,2023
BTCUSDT,2023-10-04 09:00:00+00:00,long,27610.8,27407.9695,28117.8762,sl,-1.0,0.083,1.138,4,2023
BTCUSDT,2023-10-06 09:00:00+00:00,long,27674.9,27503.3481,28103.7796,sl,-1.0,0.642,3.001,3,2023
BTCUSDT,2023-10-06 14:00:00+00:00,long,27654.7,27376.4482,28350.3294,tp,2.5,2.858,0.141,7,2023
BTCUSDT,2023-10-10 08:00:00+00:00,long,27663.7,27511.7399,28043.6003,sl,-1.0,0.046,1.166,3,2023
BTCUSDT,2023-10-13 15:00:00+00:00,short,26693.0,26846.6946,26308.7636,sl,-1.0,0.117,2.635,5,2023
BTCUSDT,2023-10-19 10:00:00+00:00,long,28460.9,28270.5455,28936.7863,tp,2.5,3.883,0.362,16,2023
BTCUSDT,2023-10-29 08:00:00+00:00,long,34257.9,34079.9148,34702.8631,tp,2.5,2.899,0.537,9,2023
BTCUSDT,2023-10-30 09:00:00+00:00,long,34537.4,34255.0239,35243.3404,sl,-1.0,1.242,1.726,8,2023
BTCUSDT,2023-11-06 09:00:00+00:00,long,35139.9,34841.906,35884.885,sl,-1.0,0.537,1.07,9,2023
BTCUSDT,2023-12-13 14:00:00+00:00,long,41459.6,40993.9612,42623.6969,tp,2.5,3.14,0.012,5,2023
BTCUSDT,2023-12-15 09:00:00+00:00,long,42859.8,42410.0479,43984.1803,sl,-1.0,0.134,1.441,4,2023
BTCUSDT,2023-12-23 14:00:00+00:00,long,43818.1,43530.3822,44537.3945,sl,-1.0,0.614,1.265,15,2023
BTCUSDT,2023-12-25 13:00:00+00:00,long,43714.1,43373.8448,44564.7381,sl,-1.0,0.333,1.057,7,2023
BTCUSDT,2023-12-27 10:00:00+00:00,long,43238.1,42731.9,44503.6,sl,-1.0,0.077,1.01,3,2023
ETHUSDT,2022-01-04 10:00:00+00:00,long,3805.02,3760.1697,3917.1457,sl,-1.0,1.966,1.077,9,2022
ETHUSDT,2022-01-16 08:00:00+00:00,short,3310.72,3345.2679,3224.3503,sl,-1.0,1.207,1.493,6,2022
ETHUSDT,2022-01-23 15:00:00+00:00,short,2431.04,2512.6273,2227.0717,sl,-1.0,0.773,1.435,8,2022
ETHUSDT,2022-03-12 14:00:00+00:00,short,2571.51,2604.637,2488.6925,sl,-1.0,0.136,1.464,3,2022
ETHUSDT,2022-03-13 09:00:00+00:00,short,2578.91,2602.9791,2518.7373,tp,2.5,3.445,0.668,13,2022
ETHUSDT,2022-03-21 09:00:00+00:00,long,2911.51,2868.5546,3018.8985,tp,2.5,2.967,0.705,18,2022
ETHUSDT,2022-03-23 15:00:00+00:00,long,3029.63,2984.8432,3141.597,sl,-1.0,0.314,1.626,2,2022
ETHUSDT,2022-03-30 08:00:00+00:00,long,3402.18,3351.1039,3529.8703,sl,-1.0,0.339,1.12,7,2022
ETHUSDT,2022-04-16 15:00:00+00:00,short,3015.82,3060.0,2905.37,sl,-1.0,0.079,1.679,7,2022
ETHUSDT,2022-04-26 14:00:00+00:00,short,2894.71,2944.6,2769.985,tp,2.5,2.675,0.284,9,2022
ETHUSDT,2022-04-27 14:00:00+00:00,short,2841.34,2908.89,2672.465,sl,-1.0,0.121,1.085,11,2022
ETHUSDT,2022-05-03 14:00:00+00:00,short,2821.0,2855.3274,2735.1815,sl,-1.0,1.981,1.427,20,2022
ETHUSDT,2022-06-09 14:00:00+00:00,short,1789.77,1818.1051,1718.9323,sl,-1.0,0.158,1.018,3,2022
ETHUSDT,2022-06-25 15:00:00+00:00,short,1183.44,1212.18,1111.5901,sl,-1.0,0.153,1.107,3,2022
ETHUSDT,2022-06-28 16:00:00+00:00,short,1188.82,1215.6545,1121.7338,tp,2.5,2.851,0.036,14,2022
ETHUSDT,2022-07-05 13:00:00+00:00,short,1094.41,1120.5371,1029.0923,sl,-1.0,0.743,1.261,5,2022
ETHUSDT,2022-07-30 13:00:00+00:00,long,1725.3,1686.1565,1823.1587,sl,-1.0,0.478,1.03,7,2022
ETHUSDT,2022-08-02 16:00:00+00:00,long,1667.46,1625.19,1773.135,sl,-1.0,0.249,1.078,3,2022
ETHUSDT,2022-08-07 14:00:00+00:00,long,1704.41,1682.628,1758.8649,tp,2.5,3.333,0.68,18,2022
ETHUSDT,2022-08-12 15:00:00+00:00,long,1896.6,1863.1646,1980.1886,tp,2.5,3.076,0.194,12,2022
ETHUSDT,2022-08-30 16:00:00+00:00,short,1486.66,1537.06,1360.66,sl,-1.0,0.292,1.606,3,2022
ETHUSDT,2022-09-01 14:00:00+00:00,short,1517.22,1569.12,1387.47,sl,-1.0,0.112,1.055,4,2022
ETHUSDT,2022-09-15 10:00:00+00:00,short,1583.5,1629.5327,1468.4182,tp,2.5,2.791,0.352,5,2022
ETHUSDT,2022-09-18 09:00:00+00:00,short,1423.47,1457.74,1337.795,tp,2.5,3.019,0.582,12,2022
ETHUSDT,2022-09-20 13:00:00+00:00,short,1343.22,1370.5823,1274.8142,sl,-1.0,0.322,1.41,2,2022
ETHUSDT,2022-09-25 09:00:00+00:00,short,1322.57,1339.6195,1279.9462,tp,2.5,3.19,0.553,13,2022
ETHUSDT,2022-09-29 13:00:00+00:00,short,1300.27,1329.33,1227.62,sl,-1.0,0.448,1.126,2,2022
ETHUSDT,2022-10-28 16:00:00+00:00,long,1566.68,1532.21,1652.855,tp,2.5,2.558,0.595,18,2022
ETHUSDT,2022-10-31 09:00:00+00:00,long,1619.8,1579.0,1721.8,sl,-1.0,0.371,1.588,4,2022
ETHUSDT,2022-11-20 10:00:00+00:00,short,1196.0,1208.18,1165.55,tp,2.5,3.243,0.038,1,2022
ETHUSDT,2022-12-18 09:00:00+00:00,short,1176.89,1187.9858,1149.1506,sl,-1.0,0.416,1.271,9,2022
ETHUSDT,2022-12-19 16:00:00+00:00,short,1175.26,1186.9803,1145.9594,sl,-1.0,2.326,1.514,9,2022
ETHUSDT,2022-12-22 14:00:00+00:00,short,1192.62,1211.19,1146.195,sl,-1.0,0.572,2.551,6,2022
ETHUSDT,2022-12-24 10:00:00+00:00,short,1217.66,1224.1672,1201.392,sl,-1.0,0.132,1.743,9,2022
ETHUSDT,2022-12-26 15:00:00+00:00,short,1214.64,1221.772,1196.81,sl,-1.0,0.346,2.363,8,2022
ETHUSDT,2023-01-03 15:00:00+00:00,short,1211.4,1218.1896,1194.4261,sl,-1.0,1.23,3.074,10,2023
ETHUSDT,2023-01-08 14:00:00+00:00,long,1265.78,1261.3539,1276.8453,sl,-1.0,3.213,1.094,2,2023
ETHUSDT,2023-01-22 16:00:00+00:00,long,1637.5,1615.5943,1692.2643,sl,-1.0,1.301,1.354,4,2023
ETHUSDT,2023-01-23 09:00:00+00:00,long,1635.5,1617.2195,1681.2011,sl,-1.0,0.275,1.208,4,2023
ETHUSDT,2023-01-31 15:00:00+00:00,long,1588.49,1569.8855,1635.0013,sl,-1.0,0.923,1.324,6,2023
ETHUSDT,2023-02-06 16:00:00+00:00,long,1644.84,1624.8523,1694.8091,sl,-1.0,0.536,2.143,7,2023
ETHUSDT,2023-02-07 10:00:00+00:00,long,1642.03,1626.2264,1681.5389,sl,-1.0,0.297,1.012,5,2023
ETHUSDT,2023-02-24 08:00:00+00:00,long,1653.34,1635.034,1699.105,sl,-1.0,0.104,1.237,5,2023
ETHUSDT,2023-02-28 14:00:00+00:00,long,1634.08,1618.8735,1672.0962,sl,-1.0,0.771,2.57,7,2023
ETHUSDT,2023-03-07 10:00:00+00:00,short,1562.91,1572.6306,1538.6086,tp,2.5,4.003,0.968,5,2023
ETHUSDT,2023-03-16 15:00:00+00:00,long,1662.11,1634.9445,1730.0238,tp,2.5,3.232,0.402,19,2023
ETHUSDT,2023-03-19 15:00:00+00:00,long,1792.79,1766.5057,1858.5007,sl,-1.0,1.871,1.112,9,2023
ETHUSDT,2023-04-02 09:00:00+00:00,long,1821.01,1809.7696,1849.111,sl,-1.0,0.022,1.068,3,2023
ETHUSDT,2023-04-03 10:00:00+00:00,long,1803.39,1786.8044,1844.854,sl,-1.0,2.207,1.712,10,2023
ETHUSDT,2023-04-12 15:00:00+00:00,long,1911.44,1886.4922,1973.8095,tp,2.5,2.748,0.752,17,2023
ETHUSDT,2023-04-23 15:00:00+00:00,short,1858.35,1875.6011,1815.2222,sl,-1.0,1.452,1.255,9,2023
ETHUSDT,2023-04-29 07:00:00+00:00,long,1901.25,1885.6231,1940.3172,sl,-1.0,1.025,1.289,10,2023
ETHUSDT,2023-05-03 14:00:00+00:00,short,1847.57,1863.7213,1807.1918,sl,-1.0,0.276,1.141,2,2023
ETHUSDT,2023-05-07 14:00:00+00:00,long,1926.95,1906.5452,1977.962,sl,-1.0,0.042,1.076,2,2023
ETHUSDT,2023-05-17 07:00:00+00:00,short,1806.76,1820.9067,1771.3933,sl,-1.0,1.821,1.077,10,2023
ETHUSDT,2023-05-18 15:00:00+00:00,short,1807.26,1821.2573,1772.2667,tp,2.5,2.662,0.355,2,2023
ETHUSDT,2023-05-21 08:00:00+00:00,short,1814.5,1822.5968,1794.258,tp,2.5,2.902,0.358,16,2023
ETHUSDT,2023-06-01 16:00:00+00:00,long,1875.69,1859.66,1915.765,sl,-1.0,0.265,1.261,3,2023
ETHUSDT,2023-06-04 07:00:00+00:00,long,1898.95,1889.5921,1922.3447,sl,-1.0,1.665,1.638,16,2023
ETHUSDT,2023-06-14 15:00:00+00:00,short,1739.96,1750.7512,1712.982,tp,2.5,10.607,0.652,5,2023
ETHUSDT,2023-06-20 13:00:00+00:00,short,1722.7,1736.6598,1687.8006,sl,-1.0,0.654,1.784,3,2023
ETHUSDT,2023-06-23 15:00:00+00:00,long,1916.53,1881.03,2005.28,sl,-1.0,0.618,1.17,6,2023
ETHUSDT,2023-06-27 09:00:00+00:00,long,1874.61,1856.9786,1918.6885,sl,-1.0,2.158,1.358,17,2023
ETHUSDT,2023-06-29 10:00:00+00:00,long,1867.53,1851.8022,1906.8494,sl,-1.0,0.792,1.382,4,2023
ETHUSDT,2023-07-02 14:00:00+00:00,long,1925.2,1913.7351,1953.8623,sl,-1.0,0.193,3.633,1,2023
ETHUSDT,2023-07-06 07:00:00+00:00,long,1924.23,1910.0172,1959.7619,sl,-1.0,2.372,1.001,4,2023
ETHUSDT,2023-07-16 14:00:00+00:00,long,1939.4,1928.3754,1966.9614,sl,-1.0,0.151,1.034,4,2023
ETHUSDT,2023-07-20 07:00:00+00:00,long,1911.69,1897.8553,1946.2767,sl,-1.0,1.237,2.161,7,2023
ETHUSDT,2023-07-26 07:00:00+00:00,short,1852.39,1861.8179,1828.8201,sl,-1.0,0.582,1.212,9,2023
ETHUSDT,2023-08-06 09:00:00+00:00,short,1830.54,1836.3259,1816.0751,sl,-1.0,0.957,1.199,12,2023
ETHUSDT,2023-08-07 13:00:00+00:00,short,1827.49,1835.2955,1807.9763,tp,2.5,3.522,0.641,3,2023
ETHUSDT,2023-08-21 08:00:00+00:00,short,1671.72,1682.5206,1644.7185,sl,-1.0,1.247,1.093,6,2023
ETHUSDT,2023-08-24 14:00:00+00:00,short,1645.08,1665.0,1595.28,sl,-1.0,0.674,1.019,9,2023
ETHUSDT,2023-08-27 07:00:00+00:00,short,1647.81,1653.6,1633.3349,sl,-1.0,0.252,1.927,7,2023
ETHUSDT,2023-08-29 08:00:00+00:00,short,1644.45,1653.6324,1621.494,sl,-1.0,0.592,10.07,6,2023
ETHUSDT,2023-08-31 15:00:00+00:00,short,1688.1,1704.57,1646.925,tp,2.5,2.84,0.014,2,2023
ETHUSDT,2023-09-03 08:00:00+00:00,short,1631.39,1638.3703,1613.9393,sl,-1.0,0.178,1.307,4,2023
ETHUSDT,2023-09-06 07:00:00+00:00,short,1628.41,1636.7915,1607.4562,sl,-1.0,2.585,6.155,10,2023
ETHUSDT,2023-09-24 16:00:00+00:00,short,1590.36,1595.0935,1578.5263,sl,-1.0,0.194,2.237,1,2023
ETHUSDT,2023-09-26 15:00:00+00:00,short,1582.17,1592.0212,1557.5419,sl,-1.0,0.115,1.044,1,2023
ETHUSDT,2023-10-13 15:00:00+00:00,short,1538.76,1549.7793,1511.2117,sl,-1.0,0.029,2.389,5,2023
ETHUSDT,2023-10-25 14:00:00+00:00,long,1806.4,1778.8652,1875.237,sl,-1.0,0.441,1.005,3,2023
ETHUSDT,2023-10-30 08:00:00+00:00,long,1819.59,1784.47,1907.39,sl,-1.0,0.372,1.214,9,2023
ETHUSDT,2023-11-08 13:00:00+00:00,long,1889.64,1874.4121,1927.7097,tp,2.5,2.65,0.626,13,2023
ETHUSDT,2023-11-11 16:00:00+00:00,long,2086.57,2060.2479,2152.3753,sl,-1.0,0.027,1.18,4,2023
ETHUSDT,2023-11-13 10:00:00+00:00,long,2058.83,2037.2108,2112.8781,tp,2.5,2.829,0.871,6,2023
ETHUSDT,2023-11-15 14:00:00+00:00,long,2009.86,1986.0144,2069.474,tp,2.5,3.025,0.36,10,2023
ETHUSDT,2023-11-18 16:00:00+00:00,long,1964.49,1944.7742,2013.7795,sl,-1.0,0.384,1.039,9,2023
ETHUSDT,2023-11-19 15:00:00+00:00,long,1967.22,1949.12,2012.47,tp,2.5,2.72,0.067,8,2023
ETHUSDT,2023-11-22 09:00:00+00:00,long,2010.22,1982.0726,2080.5885,tp,2.5,2.635,0.24,10,2023
ETHUSDT,2023-12-13 15:00:00+00:00,long,2218.78,2189.2769,2292.5377,tp,2.5,3.058,0.56,20,2023
ETHUSDT,2023-12-16 15:00:00+00:00,long,2257.82,2238.4054,2306.3565,sl,-1.0,0.367,1.201,3,2023
ETHUSDT,2023-12-21 08:00:00+00:00,long,2211.68,2183.757,2281.4874,tp,2.5,2.533,0.239,4,2023
ETHUSDT,2023-12-27 09:00:00+00:00,long,2252.96,2231.4538,2306.7256,tp,2.5,4.296,0.122,5,2023
SOLUSDT,2022-01-09 07:00:00+00:00,short,140.34,145.1248,128.3779,sl,-1.0,0.531,1.114,12,2022
SOLUSDT,2022-01-10 10:00:00+00:00,short,140.8,143.8745,133.1139,tp,2.5,3.692,0.026,4,2022
SOLUSDT,2022-01-28 08:00:00+00:00,short,90.09,93.7089,81.0427,sl,-1.0,0.826,1.011,16,2022
SOLUSDT,2022-01-30 16:00:00+00:00,short,94.58,96.7325,89.1986,tp,2.5,2.518,0.321,10,2022
SOLUSDT,2022-02-02 15:00:00+00:00,short,105.92,109.3342,97.3846,sl,-1.0,0.697,1.172,3,2022
SOLUSDT,2022-02-06 15:00:00+00:00,short,112.99,115.7523,106.0841,sl,-1.0,0.358,2.389,12,2022
SOLUSDT,2022-02-16 13:00:00+00:00,short,99.51,101.94,93.435,sl,-1.0,0.576,1.675,6,2022
SOLUSDT,2022-03-08 16:00:00+00:00,short,81.66,83.851,76.1825,sl,-1.0,0.059,1.082,1,2022
SOLUSDT,2022-03-13 10:00:00+00:00,short,81.35,82.3882,78.7544,tp,2.5,2.832,0.318,10,2022
SOLUSDT,2022-03-21 16:00:00+00:00,short,88.0,89.8441,83.3897,sl,-1.0,0.331,1.329,10,2022
SOLUSDT,2022-04-01 07:00:00+00:00,long,126.49,121.8965,137.9737,tp,2.5,2.602,0.962,15,2022
SOLUSDT,2022-04-05 08:00:00+00:00,long,132.78,129.6972,140.487,sl,-1.0,1.265,1.106,6,2022
SOLUSDT,2022-04-10 15:00:00+00:00,long,112.33,110.2899,117.4303,sl,-1.0,1.799,1.632,9,2022
SOLUSDT,2022-04-13 10:00:00+00:00,short,102.2,104.7006,95.9486,sl,-1.0,0.872,1.064,4,2022
SOLUSDT,2022-04-21 10:00:00+00:00,long,108.05,105.7539,113.7903,sl,-1.0,0.832,1.128,7,2022
SOLUSDT,2022-04-26 14:00:00+00:00,short,97.29,99.0326,92.9335,sl,-1.0,1.601,1.262,17,2022
SOLUSDT,2022-04-28 14:00:00+00:00,short,97.57,99.4004,92.9941,sl,-1.0,0.574,1.016,1,2022
SOLUSDT,2022-05-05 14:00:00+00:00,short,87.84,90.12,82.14,tp,2.5,2.978,0.07,4,2022
SOLUSDT,2022-05-14 10:00:00+00:00,short,48.76,51.9644,40.7489,sl,-1.0,0.939,1.105,11,2022
SOLUSDT,2022-05-31 13:00:00+00:00,short,45.2,46.63,41.625,sl,-1.0,0.476,1.0,2,2022
SOLUSDT,2022-06-03 07:00:00+00:00,short,40.31,41.361,37.6824,tp,2.5,2.626,0.124,5,2022
SOLUSDT,2022-06-16 13:00:00+00:00,short,30.52,32.4417,25.7158,sl,-1.0,0.26,1.004,3,2022
SOLUSDT,2022-06-25 15:00:00+00:00,short,39.85,41.1891,36.5021,sl,-1.0,0.09,1.755,6,2022
SOLUSDT,2022-07-01 10:00:00+00:00,short,31.97,33.302,28.6399,sl,-1.0,0.135,1.119,8,2022
SOLUSDT,2022-07-08 08:00:00+00:00,short,36.91,37.8898,34.4604,sl,-1.0,0.5,1.898,7,2022
SOLUSDT,2022-07-14 13:00:00+00:00,short,33.81,34.5736,31.9009,sl,-1.0,0.157,1.82,2,2022
SOLUSDT,2022-07-16 15:00:00+00:00,long,37.92,37.1574,39.8265,tp,2.5,2.819,0.079,1,2022
SOLUSDT,2022-07-30 08:00:00+00:00,long,42.7,41.554,45.565,tp,2.5,3.133,0.777,7,2022
SOLUSDT,2022-07-31 09:00:00+00:00,long,44.12,42.8855,47.2063,sl,-1.0,0.859,1.053,9,2022
SOLUSDT,2022-08-02 16:00:00+00:00,long,42.16,41.0778,44.8655,sl,-1.0,0.129,1.164,3,2022
SOLUSDT,2022-08-07 13:00:00+00:00,long,40.38,39.8342,41.7445,tp,2.5,3.17,0.348,14,2022
SOLUSDT,2022-08-30 15:00:00+00:00,short,31.18,31.8771,29.4371,sl,-1.0,0.818,1.176,4,2022
SOLUSDT,2022-09-05 10:00:00+00:00,short,31.19,31.69,29.94,sl,-1.0,0.08,1.16,4,2022
SOLUSDT,2022-09-10 08:00:00+00:00,short,34.6,35.3126,32.8186,sl,-1.0,0.463,1.123,14,2022
SOLUSDT,2022-09-18 14:00:00+00:00,short,32.98,33.4895,31.7063,tp,2.5,4.318,0.157,7,2022
SOLUSDT,2022-09-21 15:00:00+00:00,short,31.48,32.0744,29.9941,sl,-1.0,0.05,1.413,2,2022
SOLUSDT,2022-09-25 13:00:00+00:00,short,33.24,33.7908,31.8629,tp,2.5,2.578,0.2,9,2022
SOLUSDT,2022-10-10 08:00:00+00:00,short,32.53,32.91,31.58,tp,2.5,3.947,0.947,16,2022
SOLUSDT,2022-10-23 15:00:00+00:00,short,27.92,28.2727,27.0383,sl,-1.0,0.085,1.645,2,2022
SOLUSDT,2022-10-28 16:00:00+00:00,long,31.82,31.02,33.82,tp,2.5,2.525,0.325,16,2022
SOLUSDT,2022-11-01 09:00:00+00:00,long,32.9,32.3266,34.3334,sl,-1.0,0.837,1.151,5,2022
SOLUSDT,2022-11-17 09:00:00+00:00,short,14.104,14.4258,13.2994,tp,2.5,3.952,0.41,4,2022
SOLUSDT,2022-11-20 10:00:00+00:00,short,12.729,13.0166,12.0101,sl,-1.0,0.97,1.36,3,2022
SOLUSDT,2022-11-27 10:00:00+00:00,short,14.254,14.4917,13.6599,tp,2.5,5.849,0.707,15,2022
SOLUSDT,2022-11-29 16:00:00+00:00,short,13.375,13.6677,12.6432,sl,-1.0,0.355,1.657,8,2022
SOLUSDT,2022-11-30 16:00:00+00:00,short,13.469,13.7163,12.8508,sl,-1.0,1.201,1.492,3,2022
SOLUSDT,2022-12-18 09:00:00+00:00,short,12.287,12.4786,11.8081,sl,-1.0,0.151,1.269,9,2022
SOLUSDT,2022-12-30 07:00:00+00:00,short,9.108,9.7707,7.4513,sl,-1.0,0.208,1.444,5,2022
SOLUSDT,2023-01-20 14:00:00+00:00,long,21.428,20.9664,22.582,tp,2.5,2.511,0.115,3,2023
SOLUSDT,2023-01-29 09:00:00+00:00,long,24.284,23.8653,25.3309,tp,2.5,5.495,0.236,8,2023
SOLUSDT,2023-02-03 15:00:00+00:00,long,24.846,24.2367,26.3692,sl,-1.0,0.315,1.018,5,2023
SOLUSDT,2023-02-07 10:00:00+00:00,long,23.331,22.9672,24.2406,sl,-1.0,0.322,1.127,5,2023
SOLUSDT,2023-02-27 14:00:00+00:00,long,23.223,22.8542,24.1451,sl,-1.0,0.48,1.011,1,2023
SOLUSDT,2023-03-19 15:00:00+00:00,long,22.0,21.467,23.3324,sl,-1.0,1.876,1.25,13,2023
SOLUSDT,2023-03-21 13:00:00+00:00,long,23.062,22.294,24.9819,sl,-1.0,0.353,1.244,5,2023
SOLUSDT,2023-03-22 14:00:00+00:00,long,22.705,22.1775,24.0237,sl,-1.0,0.737,1.81,4,2023
SOLUSDT,2023-03-23 15:00:00+00:00,long,22.392,21.8295,23.7982,sl,-1.0,0.636,1.211,3,2023
SOLUSDT,2023-04-02 13:00:00+00:00,short,20.81,21.0505,20.2088,tp,2.5,2.532,0.191,6,2023
SOLUSDT,2023-04-08 15:00:00+00:00,short,20.441,20.6092,20.0206,tp,2.5,3.687,0.018,7,2023
SOLUSDT,2023-04-10 14:00:00+00:00,short,20.157,20.3275,19.7308,sl,-1.0,0.012,2.188,2,2023
SOLUSDT,2023-04-16 16:00:00+00:00,long,24.351,24.0353,25.1402,tp,2.5,3.76,0.124,4,2023
SOLUSDT,2023-04-18 08:00:00+00:00,long,24.94,24.4789,26.0926,sl,-1.0,1.128,1.026,9,2023
SOLUSDT,2023-04-23 16:00:00+00:00,short,21.496,21.8435,20.6273,sl,-1.0,1.715,1.45,9,2023
SOLUSDT,2023-05-04 15:00:00+00:00,short,21.796,22.0994,21.0376,sl,-1.0,0.613,1.038,11,2023
SOLUSDT,2023-05-29 15:00:00+00:00,short,20.481,20.7137,19.8993,sl,-1.0,0.928,2.033,10,2023
SOLUSDT,2023-06-09 16:00:00+00:00,short,18.507,18.8617,17.6204,tp,2.5,3.705,0.003,3,2023
SOLUSDT,2023-06-13 15:00:00+00:00,short,14.79,15.2413,13.6618,sl,-1.0,0.06,1.072,11,2023
SOLUSDT,2023-06-14 15:00:00+00:00,short,15.092,15.3625,14.4156,sl,-1.0,0.152,1.035,2,2023
SOLUSDT,2023-06-24 15:00:00+00:00,short,16.614,17.178,15.204,sl,-1.0,0.521,1.089,15,2023
SOLUSDT,2023-06-26 14:00:00+00:00,short,16.828,17.1389,16.0509,tp,2.5,2.503,0.18,7,2023
SOLUSDT,2023-07-04 13:00:00+00:00,long,19.429,19.1524,20.1206,sl,-1.0,1.883,1.236,10,2023
SOLUSDT,2023-07-16 09:00:00+00:00,long,27.998,27.1978,29.9985,sl,-1.0,0.887,1.172,14,2023
SOLUSDT,2023-07-22 15:00:00+00:00,long,25.679,25.3262,26.5611,sl,-1.0,0.15,1.358,3,2023
SOLUSDT,2023-07-28 16:00:00+00:00,long,25.283,24.8739,26.3057,sl,-1.0,0.313,1.122,1,2023
SOLUSDT,2023-08-11 14:00:00+00:00,long,24.791,24.5128,25.4866,sl,-1.0,0.212,1.046,1,2023
SOLUSDT,2023-08-12 14:00:00+00:00,long,24.625,24.4365,25.0963,tp,2.5,3.58,0.196,8,2023
SOLUSDT,2023-08-14 14:00:00+00:00,long,24.624,24.3972,25.1909,tp,2.5,2.937,0.234,2,2023
SOLUSDT,2023-08-20 16:00:00+00:00,short,21.637,21.8994,20.981,sl,-1.0,0.255,1.178,4,2023
SOLUSDT,2023-09-02 13:00:00+00:00,short,19.445,19.672,18.8775,sl,-1.0,0.41,1.123,2,2023
SOLUSDT,2023-09-03 09:00:00+00:00,short,19.404,19.6036,18.905,sl,-1.0,0.972,1.017,11,2023
SOLUSDT,2023-09-15 14:00:00+00:00,short,18.761,19.054,18.0285,sl,-1.0,0.744,1.57,8,2023
SOLUSDT,2023-09-17 13:00:00+00:00,short,18.988,19.1788,18.511,sl,-1.0,2.243,1.389,13,2023
SOLUSDT,2023-09-27 14:00:00+00:00,short,18.846,19.284,17.751,sl,-1.0,0.297,1.084,10,2023
SOLUSDT,2023-10-05 13:00:00+00:00,long,23.3,22.8598,24.4005,sl,-1.0,0.402,1.699,2,2023
SOLUSDT,2023-10-08 09:00:00+00:00,long,23.44,23.1377,24.1957,sl,-1.0,0.212,1.022,1,2023
SOLUSDT,2023-10-08 16:00:00+00:00,long,23.414,23.1032,24.191,sl,-1.0,0.19,1.12,8,2023
SOLUSDT,2023-10-11 09:00:00+00:00,long,22.349,22.0057,23.2072,sl,-1.0,0.149,1.599,6,2023
SOLUSDT,2023-10-19 09:00:00+00:00,long,23.937,23.5974,24.786,tp,2.5,2.771,0.241,6,2023
SOLUSDT,2023-11-14 14:00:00+00:00,long,57.358,54.7791,63.8052,sl,-1.0,0.08,1.019,1,2023
SOLUSDT,2023-11-20 09:00:00+00:00,long,60.51,59.0521,64.1548,sl,-1.0,0.449,2.427,5,2023
SOLUSDT,2023-11-28 10:00:00+00:00,long,55.854,54.7237,58.6796,tp,2.5,2.573,0.379,14,2023
SOLUSDT,2023-12-07 09:00:00+00:00,long,63.239,61.5216,67.5324,tp,2.5,2.618,0.43,8,2023
SOLUSDT,2023-12-27 10:00:00+00:00,long,115.123,110.85,125.8055,sl,-1.0,0.088,1.886,4,2023
