entry_time,exit_time,direction,reason,pnl_r,duration_h,symbol,periodo,config
2022-01-02 15:00:00+00:00,2022-01-02 17:00:00+00:00,long,stop,-0.086,2,BTCUSDT,2022,V3-A (1R/2R/1R)
2022-01-09 10:00:00+00:00,2022-01-09 18:00:00+00:00,short,stop,-1.063,8,BTCUSDT,2022,V3-A (1R/2R/1R)
2022-01-10 09:00:00+00:00,2022-01-10 14:00:00+00:00,short,stop,1.0429,5,BTCUSDT,2022,V3-A (1R/2R/1R)
2022-01-11 14:00:00+00:00,2022-01-11 16:00:00+00:00,short,stop,-1.0565,2,BTCUSDT,2022,V3-A (1R/2R/1R)
2022-01-15 13:00:00+00:00,2022-01-15 15:00:00+00:00,short,stop,-1.0855,2,BTCUSDT,2022,V3-A (1R/2R/1R)
2022-01-23 16:00:00+00:00,2022-01-23 23:00:00+00:00,short,stop,-1.0411,7,BTCUSDT,2022,V3-A (1R/2R/1R)
2022-02-02 13:00:00+00:00,2022-02-02 17:00:00+00:00,short,stop,1.8143,4,BTCUSDT,2022,V3-A (1R/2R/1R)
2022-02-10 08:00:00+00:00,2022-02-10 13:00:00+00:00,long,stop,-0.0685,5,BTCUSDT,2022,V3-A (1R/2R/1R)
2022-02-13 10:00:00+00:00,2022-02-13 17:00:00+00:00,long,stop,-1.0799,7,BTCUSDT,2022,V3-A (1R/2R/1R)
2022-03-06 07:00:00+00:00,2022-03-06 12:00:00+00:00,short,stop,1.7543,5,BTCUSDT,2022,V3-A (1R/2R/1R)
2022-03-11 16:00:00+00:00,2022-03-12 12:00:00+00:00,short,timeout,-0.6154,20,BTCUSDT,2022,V3-A (1R/2R/1R)
2022-03-12 15:00:00+00:00,2022-03-12 17:00:00+00:00,short,stop,-1.072,2,BTCUSDT,2022,V3-A (1R/2R/1R)
2022-03-13 09:00:00+00:00,2022-03-13 15:00:00+00:00,short,stop,-0.096,6,BTCUSDT,2022,V3-A (1R/2R/1R)
2022-03-18 16:00:00+00:00,2022-03-19 12:00:00+00:00,long,timeout,0.7918,20,BTCUSDT,2022,V3-A (1R/2R/1R)
2022-03-23 15:00:00+00:00,2022-03-23 18:00:00+00:00,long,stop,-1.0686,3,BTCUSDT,2022,V3-A (1R/2R/1R)
2022-04-01 15:00:00+00:00,2022-04-01 17:00:00+00:00,long,stop,-1.0671,2,BTCUSDT,2022,V3-A (1R/2R/1R)
2022-04-03 07:00:00+00:00,2022-04-03 23:00:00+00:00,long,stop,1.047,16,BTCUSDT,2022,V3-A (1R/2R/1R)
2022-04-10 13:00:00+00:00,2022-04-10 17:00:00+00:00,short,stop,-1.1256,4,BTCUSDT,2022,V3-A (1R/2R/1R)
2022-04-13 10:00:00+00:00,2022-04-13 13:00:00+00:00,short,stop,-1.0678,3,BTCUSDT,2022,V3-A (1R/2R/1R)
2022-04-14 14:00:00+00:00,2022-04-15 07:00:00+00:00,short,stop,-0.0739,17,BTCUSDT,2022,V3-A (1R/2R/1R)
2022-04-16 15:00:00+00:00,2022-04-16 21:00:00+00:00,short,stop,-1.0681,6,BTCUSDT,2022,V3-A (1R/2R/1R)
2022-04-17 16:00:00+00:00,2022-04-17 19:00:00+00:00,short,stop,-0.1237,3,BTCUSDT,2022,V3-A (1R/2R/1R)
2022-04-26 14:00:00+00:00,2022-04-26 19:00:00+00:00,short,stop,1.3948,5,BTCUSDT,2022,V3-A (1R/2R/1R)
2022-05-05 14:00:00+00:00,2022-05-05 16:00:00+00:00,short,stop,2.1298,2,BTCUSDT,2022,V3-A (1R/2R/1R)
2022-05-20 15:00:00+00:00,2022-05-21 11:00:00+00:00,short,timeout,-0.2835,20,BTCUSDT,2022,V3-A (1R/2R/1R)
2022-05-26 08:00:00+00:00,2022-05-26 14:00:00+00:00,short,stop,-0.0353,6,BTCUSDT,2022,V3-A (1R/2R/1R)
2022-06-01 07:00:00+00:00,2022-06-01 13:00:00+00:00,short,stop,-1.0729,6,BTCUSDT,2022,V3-A (1R/2R/1R)
2022-06-01 14:00:00+00:00,2022-06-01 23:00:00+00:00,short,stop,1.853,9,BTCUSDT,2022,V3-A (1R/2R/1R)
2022-06-03 10:00:00+00:00,2022-06-03 21:00:00+00:00,short,stop,-0.0601,11,BTCUSDT,2022,V3-A (1R/2R/1R)
2022-06-05 07:00:00+00:00,2022-06-05 15:00:00+00:00,short,stop,-1.1264,8,BTCUSDT,2022,V3-A (1R/2R/1R)
2022-06-16 09:00:00+00:00,2022-06-17 05:00:00+00:00,short,timeout,0.5691,20,BTCUSDT,2022,V3-A (1R/2R/1R)
2022-06-25 15:00:00+00:00,2022-06-25 21:00:00+00:00,short,stop,-1.0582,6,BTCUSDT,2022,V3-A (1R/2R/1R)
2022-06-27 13:00:00+00:00,2022-06-28 09:00:00+00:00,short,timeout,-0.6169,20,BTCUSDT,2022,V3-A (1R/2R/1R)
2022-06-28 15:00:00+00:00,2022-06-29 09:00:00+00:00,short,stop,1.2603,18,BTCUSDT,2022,V3-A (1R/2R/1R)
2022-07-01 10:00:00+00:00,2022-07-01 13:00:00+00:00,short,stop,-1.0322,3,BTCUSDT,2022,V3-A (1R/2R/1R)
2022-08-03 08:00:00+00:00,2022-08-03 13:00:00+00:00,long,stop,-0.0686,5,BTCUSDT,2022,V3-A (1R/2R/1R)
2022-08-07 14:00:00+00:00,2022-08-07 23:00:00+00:00,long,stop,-0.1381,9,BTCUSDT,2022,V3-A (1R/2R/1R)
2022-08-22 07:00:00+00:00,2022-08-22 13:00:00+00:00,short,stop,-1.0683,6,BTCUSDT,2022,V3-A (1R/2R/1R)
2022-08-30 15:00:00+00:00,2022-08-30 19:00:00+00:00,short,stop,-1.0673,4,BTCUSDT,2022,V3-A (1R/2R/1R)
2022-09-06 16:00:00+00:00,2022-09-06 18:00:00+00:00,short,stop,3.0221,2,BTCUSDT,2022,V3-A (1R/2R/1R)
2022-09-18 10:00:00+00:00,2022-09-18 23:00:00+00:00,short,stop,2.0484,13,BTCUSDT,2022,V3-A (1R/2R/1R)
2022-09-23 10:00:00+00:00,2022-09-23 21:00:00+00:00,short,stop,-0.0578,11,BTCUSDT,2022,V3-A (1R/2R/1R)
2022-09-25 13:00:00+00:00,2022-09-25 16:00:00+00:00,short,stop,-1.0952,3,BTCUSDT,2022,V3-A (1R/2R/1R)
2022-09-29 13:00:00+00:00,2022-09-29 16:00:00+00:00,short,stop,-1.0454,3,BTCUSDT,2022,V3-A (1R/2R/1R)
2022-10-18 15:00:00+00:00,2022-10-18 20:00:00+00:00,short,stop,-0.1013,5,BTCUSDT,2022,V3-A (1R/2R/1R)
2022-10-23 10:00:00+00:00,2022-10-23 13:00:00+00:00,short,stop,-0.3005,3,BTCUSDT,2022,V3-A (1R/2R/1R)
2022-10-24 14:00:00+00:00,2022-10-24 19:00:00+00:00,short,stop,-1.1179,5,BTCUSDT,2022,V3-A (1R/2R/1R)
2022-10-28 16:00:00+00:00,2022-10-29 11:00:00+00:00,long,stop,-0.0696,19,BTCUSDT,2022,V3-A (1R/2R/1R)
2022-11-11 14:00:00+00:00,2022-11-12 10:00:00+00:00,short,timeout,0.0976,20,BTCUSDT,2022,V3-A (1R/2R/1R)
2022-11-16 09:00:00+00:00,2022-11-16 23:00:00+00:00,short,stop,-0.0656,14,BTCUSDT,2022,V3-A (1R/2R/1R)
2022-11-18 16:00:00+00:00,2022-11-19 12:00:00+00:00,short,timeout,-0.0822,20,BTCUSDT,2022,V3-A (1R/2R/1R)
2022-11-20 09:00:00+00:00,2022-11-20 15:00:00+00:00,short,stop,-0.1719,6,BTCUSDT,2022,V3-A (1R/2R/1R)
2022-11-26 16:00:00+00:00,2022-11-27 02:00:00+00:00,short,stop,-0.1472,10,BTCUSDT,2022,V3-A (1R/2R/1R)
2022-12-02 13:00:00+00:00,2022-12-03 00:00:00+00:00,short,stop,-1.0707,11,BTCUSDT,2022,V3-A (1R/2R/1R)
2022-12-03 08:00:00+00:00,2022-12-04 01:00:00+00:00,short,stop,-1.1605,17,BTCUSDT,2022,V3-A (1R/2R/1R)
2022-12-04 13:00:00+00:00,2022-12-04 15:00:00+00:00,short,stop,-1.189,2,BTCUSDT,2022,V3-A (1R/2R/1R)
2022-12-05 16:00:00+00:00,2022-12-06 00:00:00+00:00,short,stop,-0.1119,8,BTCUSDT,2022,V3-A (1R/2R/1R)
2022-12-18 09:00:00+00:00,2022-12-18 18:00:00+00:00,short,stop,-1.18,9,BTCUSDT,2022,V3-A (1R/2R/1R)
2022-12-19 15:00:00+00:00,2022-12-19 23:00:00+00:00,short,stop,3.9611,8,BTCUSDT,2022,V3-A (1R/2R/1R)
2022-12-21 16:00:00+00:00,2022-12-22 12:00:00+00:00,short,timeout,-0.4011,20,BTCUSDT,2022,V3-A (1R/2R/1R)
2022-12-22 13:00:00+00:00,2022-12-22 19:00:00+00:00,short,stop,1.6353,6,BTCUSDT,2022,V3-A (1R/2R/1R)
2022-12-25 07:00:00+00:00,2022-12-25 15:00:00+00:00,short,stop,1.921,8,BTCUSDT,2022,V3-A (1R/2R/1R)
2022-12-26 15:00:00+00:00,2022-12-26 19:00:00+00:00,short,stop,-1.3122,4,BTCUSDT,2022,V3-A (1R/2R/1R)
2022-01-02 15:00:00+00:00,2022-01-02 17:00:00+00:00,long,stop,-0.086,2,BTCUSDT,2022,V3-B (0.75R/1.5R/0.75R)
2022-01-09 10:00:00+00:00,2022-01-09 16:00:00+00:00,short,stop,-0.063,6,BTCUSDT,2022,V3-B (0.75R/1.5R/0.75R)
2022-01-10 09:00:00+00:00,2022-01-10 14:00:00+00:00,short,stop,1.2929,5,BTCUSDT,2022,V3-B (0.75R/1.5R/0.75R)
2022-01-11 14:00:00+00:00,2022-01-11 16:00:00+00:00,short,stop,-1.0565,2,BTCUSDT,2022,V3-B (0.75R/1.5R/0.75R)
2022-01-15 13:00:00+00:00,2022-01-15 15:00:00+00:00,short,stop,-1.0855,2,BTCUSDT,2022,V3-B (0.75R/1.5R/0.75R)
2022-01-23 16:00:00+00:00,2022-01-23 20:00:00+00:00,short,stop,-0.0411,4,BTCUSDT,2022,V3-B (0.75R/1.5R/0.75R)
2022-02-02 13:00:00+00:00,2022-02-02 17:00:00+00:00,short,stop,2.0643,4,BTCUSDT,2022,V3-B (0.75R/1.5R/0.75R)
2022-02-10 08:00:00+00:00,2022-02-10 12:00:00+00:00,long,stop,0.874,4,BTCUSDT,2022,V3-B (0.75R/1.5R/0.75R)
2022-02-13 10:00:00+00:00,2022-02-13 17:00:00+00:00,long,stop,-1.0799,7,BTCUSDT,2022,V3-B (0.75R/1.5R/0.75R)
2022-03-06 07:00:00+00:00,2022-03-06 12:00:00+00:00,short,stop,2.0043,5,BTCUSDT,2022,V3-B (0.75R/1.5R/0.75R)
2022-03-11 16:00:00+00:00,2022-03-12 12:00:00+00:00,short,timeout,-0.6154,20,BTCUSDT,2022,V3-B (0.75R/1.5R/0.75R)
2022-03-12 15:00:00+00:00,2022-03-12 17:00:00+00:00,short,stop,-1.072,2,BTCUSDT,2022,V3-B (0.75R/1.5R/0.75R)
2022-03-13 09:00:00+00:00,2022-03-13 13:00:00+00:00,short,stop,0.8818,4,BTCUSDT,2022,V3-B (0.75R/1.5R/0.75R)
2022-03-18 16:00:00+00:00,2022-03-18 21:00:00+00:00,long,stop,0.9748,5,BTCUSDT,2022,V3-B (0.75R/1.5R/0.75R)
2022-03-23 15:00:00+00:00,2022-03-23 18:00:00+00:00,long,stop,-1.0686,3,BTCUSDT,2022,V3-B (0.75R/1.5R/0.75R)
2022-04-01 15:00:00+00:00,2022-04-01 17:00:00+00:00,long,stop,-1.0671,2,BTCUSDT,2022,V3-B (0.75R/1.5R/0.75R)
2022-04-03 07:00:00+00:00,2022-04-03 20:00:00+00:00,long,stop,-0.0819,13,BTCUSDT,2022,V3-B (0.75R/1.5R/0.75R)
2022-04-10 13:00:00+00:00,2022-04-10 17:00:00+00:00,short,stop,-1.1256,4,BTCUSDT,2022,V3-B (0.75R/1.5R/0.75R)
2022-04-13 10:00:00+00:00,2022-04-13 13:00:00+00:00,short,stop,-1.0678,3,BTCUSDT,2022,V3-B (0.75R/1.5R/0.75R)
2022-04-14 14:00:00+00:00,2022-04-14 20:00:00+00:00,short,stop,0.9966,6,BTCUSDT,2022,V3-B (0.75R/1.5R/0.75R)
2022-04-16 15:00:00+00:00,2022-04-16 21:00:00+00:00,short,stop,-1.0681,6,BTCUSDT,2022,V3-B (0.75R/1.5R/0.75R)
2022-04-17 16:00:00+00:00,2022-04-17 19:00:00+00:00,short,stop,-0.1237,3,BTCUSDT,2022,V3-B (0.75R/1.5R/0.75R)
2022-04-26 14:00:00+00:00,2022-04-26 18:00:00+00:00,short,stop,1.6448,4,BTCUSDT,2022,V3-B (0.75R/1.5R/0.75R)
2022-05-05 14:00:00+00:00,2022-05-05 16:00:00+00:00,short,stop,2.3798,2,BTCUSDT,2022,V3-B (0.75R/1.5R/0.75R)
2022-05-20 15:00:00+00:00,2022-05-20 19:00:00+00:00,short,stop,-0.0476,4,BTCUSDT,2022,V3-B (0.75R/1.5R/0.75R)
2022-05-26 08:00:00+00:00,2022-05-26 14:00:00+00:00,short,stop,-0.0353,6,BTCUSDT,2022,V3-B (0.75R/1.5R/0.75R)
2022-06-01 07:00:00+00:00,2022-06-01 13:00:00+00:00,short,stop,-1.0729,6,BTCUSDT,2022,V3-B (0.75R/1.5R/0.75R)
2022-06-01 14:00:00+00:00,2022-06-01 18:00:00+00:00,short,stop,1.2087,4,BTCUSDT,2022,V3-B (0.75R/1.5R/0.75R)
2022-06-03 10:00:00+00:00,2022-06-03 21:00:00+00:00,short,stop,-0.0601,11,BTCUSDT,2022,V3-B (0.75R/1.5R/0.75R)
2022-06-05 07:00:00+00:00,2022-06-05 15:00:00+00:00,short,stop,-1.1264,8,BTCUSDT,2022,V3-B (0.75R/1.5R/0.75R)
2022-06-16 09:00:00+00:00,2022-06-17 05:00:00+00:00,short,timeout,0.5691,20,BTCUSDT,2022,V3-B (0.75R/1.5R/0.75R)
2022-06-25 15:00:00+00:00,2022-06-25 21:00:00+00:00,short,stop,-1.0582,6,BTCUSDT,2022,V3-B (0.75R/1.5R/0.75R)
2022-06-27 13:00:00+00:00,2022-06-28 09:00:00+00:00,short,timeout,-0.6169,20,BTCUSDT,2022,V3-B (0.75R/1.5R/0.75R)
2022-06-28 15:00:00+00:00,2022-06-29 08:00:00+00:00,short,stop,1.5103,17,BTCUSDT,2022,V3-B (0.75R/1.5R/0.75R)
2022-07-01 10:00:00+00:00,2022-07-01 13:00:00+00:00,short,stop,-1.0322,3,BTCUSDT,2022,V3-B (0.75R/1.5R/0.75R)
2022-08-03 08:00:00+00:00,2022-08-03 13:00:00+00:00,long,stop,-0.0686,5,BTCUSDT,2022,V3-B (0.75R/1.5R/0.75R)
2022-08-07 14:00:00+00:00,2022-08-07 22:00:00+00:00,long,stop,1.0471,8,BTCUSDT,2022,V3-B (0.75R/1.5R/0.75R)
2022-08-22 07:00:00+00:00,2022-08-22 09:00:00+00:00,short,stop,-0.0683,2,BTCUSDT,2022,V3-B (0.75R/1.5R/0.75R)
2022-08-30 15:00:00+00:00,2022-08-30 18:00:00+00:00,short,stop,-0.0673,3,BTCUSDT,2022,V3-B (0.75R/1.5R/0.75R)
2022-09-06 16:00:00+00:00,2022-09-06 18:00:00+00:00,short,stop,3.2721,2,BTCUSDT,2022,V3-B (0.75R/1.5R/0.75R)
2022-09-18 10:00:00+00:00,2022-09-18 19:00:00+00:00,short,stop,1.0543,9,BTCUSDT,2022,V3-B (0.75R/1.5R/0.75R)
2022-09-23 10:00:00+00:00,2022-09-23 21:00:00+00:00,short,stop,-0.0578,11,BTCUSDT,2022,V3-B (0.75R/1.5R/0.75R)
2022-09-25 13:00:00+00:00,2022-09-25 16:00:00+00:00,short,stop,-1.0952,3,BTCUSDT,2022,V3-B (0.75R/1.5R/0.75R)
2022-09-29 13:00:00+00:00,2022-09-29 16:00:00+00:00,short,stop,-1.0454,3,BTCUSDT,2022,V3-B (0.75R/1.5R/0.75R)
2022-10-18 15:00:00+00:00,2022-10-18 20:00:00+00:00,short,stop,0.7949,5,BTCUSDT,2022,V3-B (0.75R/1.5R/0.75R)
2022-10-23 10:00:00+00:00,2022-10-23 13:00:00+00:00,short,stop,0.8663,3,BTCUSDT,2022,V3-B (0.75R/1.5R/0.75R)
2022-10-24 14:00:00+00:00,2022-10-24 19:00:00+00:00,short,stop,-1.1179,5,BTCUSDT,2022,V3-B (0.75R/1.5R/0.75R)
2022-10-28 16:00:00+00:00,2022-10-29 11:00:00+00:00,long,stop,-0.0696,19,BTCUSDT,2022,V3-B (0.75R/1.5R/0.75R)
2022-11-11 14:00:00+00:00,2022-11-12 10:00:00+00:00,short,timeout,0.0976,20,BTCUSDT,2022,V3-B (0.75R/1.5R/0.75R)
2022-11-16 09:00:00+00:00,2022-11-16 16:00:00+00:00,short,stop,0.8304,7,BTCUSDT,2022,V3-B (0.75R/1.5R/0.75R)
2022-11-18 16:00:00+00:00,2022-11-19 12:00:00+00:00,short,timeout,-0.0822,20,BTCUSDT,2022,V3-B (0.75R/1.5R/0.75R)
2022-11-20 09:00:00+00:00,2022-11-20 12:00:00+00:00,short,stop,0.9372,3,BTCUSDT,2022,V3-B (0.75R/1.5R/0.75R)
2022-11-26 16:00:00+00:00,2022-11-26 20:00:00+00:00,short,stop,-0.1472,4,BTCUSDT,2022,V3-B (0.75R/1.5R/0.75R)
2022-12-02 13:00:00+00:00,2022-12-03 00:00:00+00:00,short,stop,-1.0707,11,BTCUSDT,2022,V3-B (0.75R/1.5R/0.75R)
2022-12-03 08:00:00+00:00,2022-12-03 22:00:00+00:00,short,stop,-0.1605,14,BTCUSDT,2022,V3-B (0.75R/1.5R/0.75R)
2022-12-04 13:00:00+00:00,2022-12-04 15:00:00+00:00,short,stop,-1.189,2,BTCUSDT,2022,V3-B (0.75R/1.5R/0.75R)
2022-12-05 16:00:00+00:00,2022-12-06 00:00:00+00:00,short,stop,-0.1119,8,BTCUSDT,2022,V3-B (0.75R/1.5R/0.75R)
2022-12-18 09:00:00+00:00,2022-12-18 18:00:00+00:00,short,stop,-1.18,9,BTCUSDT,2022,V3-B (0.75R/1.5R/0.75R)
2022-12-19 15:00:00+00:00,2022-12-19 18:00:00+00:00,short,stop,0.7696,3,BTCUSDT,2022,V3-B (0.75R/1.5R/0.75R)
2022-12-21 16:00:00+00:00,2022-12-22 12:00:00+00:00,short,timeout,-0.4011,20,BTCUSDT,2022,V3-B (0.75R/1.5R/0.75R)
2022-12-22 13:00:00+00:00,2022-12-22 15:00:00+00:00,short,stop,0.9931,2,BTCUSDT,2022,V3-B (0.75R/1.5R/0.75R)
2022-12-25 07:00:00+00:00,2022-12-25 15:00:00+00:00,short,stop,2.171,8,BTCUSDT,2022,V3-B (0.75R/1.5R/0.75R)
2022-12-26 15:00:00+00:00,2022-12-26 19:00:00+00:00,short,stop,-1.3122,4,BTCUSDT,2022,V3-B (0.75R/1.5R/0.75R)
2023-01-03 15:00:00+00:00,2023-01-03 22:00:00+00:00,short,stop,-0.2208,7,BTCUSDT,2023,V3-A (1R/2R/1R)
2023-01-16 16:00:00+00:00,2023-01-17 01:00:00+00:00,long,stop,-0.0678,9,BTCUSDT,2023,V3-A (1R/2R/1R)
2023-01-23 10:00:00+00:00,2023-01-23 13:00:00+00:00,long,stop,-1.087,3,BTCUSDT,2023,V3-A (1R/2R/1R)
2023-01-27 16:00:00+00:00,2023-01-27 21:00:00+00:00,long,stop,-0.0812,5,BTCUSDT,2023,V3-A (1R/2R/1R)
2023-01-31 15:00:00+00:00,2023-01-31 21:00:00+00:00,long,stop,-1.096,6,BTCUSDT,2023,V3-A (1R/2R/1R)
2023-02-01 14:00:00+00:00,2023-02-01 16:00:00+00:00,long,stop,-1.115,2,BTCUSDT,2023,V3-A (1R/2R/1R)
2023-02-04 14:00:00+00:00,2023-02-04 23:00:00+00:00,long,stop,-1.132,9,BTCUSDT,2023,V3-A (1R/2R/1R)
2023-02-07 09:00:00+00:00,2023-02-07 18:00:00+00:00,long,stop,1.1148,9,BTCUSDT,2023,V3-A (1R/2R/1R)
2023-02-20 09:00:00+00:00,2023-02-21 05:00:00+00:00,long,timeout,0.0799,20,BTCUSDT,2023,V3-A (1R/2R/1R)
2023-02-28 15:00:00+00:00,2023-02-28 19:00:00+00:00,long,stop,-1.0995,4,BTCUSDT,2023,V3-A (1R/2R/1R)
2023-03-07 09:00:00+00:00,2023-03-07 15:00:00+00:00,short,stop,-0.1911,6,BTCUSDT,2023,V3-A (1R/2R/1R)
2023-03-11 08:00:00+00:00,2023-03-11 23:00:00+00:00,short,stop,-1.0457,15,BTCUSDT,2023,V3-A (1R/2R/1R)
2023-03-16 09:00:00+00:00,2023-03-16 20:00:00+00:00,long,stop,-0.0507,11,BTCUSDT,2023,V3-A (1R/2R/1R)
2023-03-19 14:00:00+00:00,2023-03-19 17:00:00+00:00,long,stop,1.3824,3,BTCUSDT,2023,V3-A (1R/2R/1R)
2023-03-23 15:00:00+00:00,2023-03-23 18:00:00+00:00,long,stop,-1.0424,3,BTCUSDT,2023,V3-A (1R/2R/1R)
2023-03-26 08:00:00+00:00,2023-03-26 14:00:00+00:00,long,stop,1.0757,6,BTCUSDT,2023,V3-A (1R/2R/1R)
2023-03-31 14:00:00+00:00,2023-04-01 10:00:00+00:00,long,timeout,-0.2028,20,BTCUSDT,2023,V3-A (1R/2R/1R)
2023-04-03 10:00:00+00:00,2023-04-03 14:00:00+00:00,long,stop,-1.0854,4,BTCUSDT,2023,V3-A (1R/2R/1R)
2023-04-04 08:00:00+00:00,2023-04-04 13:00:00+00:00,long,stop,-0.0729,5,BTCUSDT,2023,V3-A (1R/2R/1R)
2023-04-18 09:00:00+00:00,2023-04-18 14:00:00+00:00,long,stop,1.4452,5,BTCUSDT,2023,V3-A (1R/2R/1R)
2023-04-23 15:00:00+00:00,2023-04-24 00:00:00+00:00,short,stop,-1.1039,9,BTCUSDT,2023,V3-A (1R/2R/1R)
2023-04-24 08:00:00+00:00,2023-04-24 11:00:00+00:00,short,stop,-1.0728,3,BTCUSDT,2023,V3-A (1R/2R/1R)
2023-04-30 09:00:00+00:00,2023-04-30 16:00:00+00:00,long,stop,3.7425,7,BTCUSDT,2023,V3-A (1R/2R/1R)
2023-05-07 15:00:00+00:00,2023-05-07 22:00:00+00:00,long,stop,-1.1167,7,BTCUSDT,2023,V3-A (1R/2R/1R)
2023-05-10 07:00:00+00:00,2023-05-10 12:00:00+00:00,short,stop,-1.115,5,BTCUSDT,2023,V3-A (1R/2R/1R)
2023-05-18 16:00:00+00:00,2023-05-18 18:00:00+00:00,short,stop,1.8632,2,BTCUSDT,2023,V3-A (1R/2R/1R)
2023-06-07 15:00:00+00:00,2023-06-08 11:00:00+00:00,short,timeout,-0.289,20,BTCUSDT,2023,V3-A (1R/2R/1R)
2023-06-12 15:00:00+00:00,2023-06-13 00:00:00+00:00,short,stop,-1.1103,9,BTCUSDT,2023,V3-A (1R/2R/1R)
2023-06-13 16:00:00+00:00,2023-06-14 12:00:00+00:00,short,timeout,-0.73,20,BTCUSDT,2023,V3-A (1R/2R/1R)
2023-06-29 08:00:00+00:00,2023-06-29 20:00:00+00:00,long,stop,-0.1144,12,BTCUSDT,2023,V3-A (1R/2R/1R)
2023-07-02 14:00:00+00:00,2023-07-02 15:00:00+00:00,long,stop,-1.2217,1,BTCUSDT,2023,V3-A (1R/2R/1R)
2023-07-02 16:00:00+00:00,2023-07-02 18:00:00+00:00,long,stop,-1.1542,2,BTCUSDT,2023,V3-A (1R/2R/1R)
2023-07-06 07:00:00+00:00,2023-07-06 09:00:00+00:00,long,stop,1.5836,2,BTCUSDT,2023,V3-A (1R/2R/1R)
2023-07-07 15:00:00+00:00,2023-07-08 11:00:00+00:00,long,timeout,-0.7248,20,BTCUSDT,2023,V3-A (1R/2R/1R)
2023-07-10 14:00:00+00:00,2023-07-10 21:00:00+00:00,long,stop,3.0915,7,BTCUSDT,2023,V3-A (1R/2R/1R)
2023-07-16 14:00:00+00:00,2023-07-16 18:00:00+00:00,long,stop,-1.2254,4,BTCUSDT,2023,V3-A (1R/2R/1R)
2023-07-26 10:00:00+00:00,2023-07-26 14:00:00+00:00,short,stop,-1.1827,4,BTCUSDT,2023,V3-A (1R/2R/1R)
2023-07-27 16:00:00+00:00,2023-07-28 00:00:00+00:00,short,stop,-0.1708,8,BTCUSDT,2023,V3-A (1R/2R/1R)
2023-07-29 10:00:00+00:00,2023-07-29 20:00:00+00:00,short,stop,-1.2696,10,BTCUSDT,2023,V3-A (1R/2R/1R)
2023-07-31 15:00:00+00:00,2023-08-01 03:00:00+00:00,short,stop,2.9345,12,BTCUSDT,2023,V3-A (1R/2R/1R)
2023-08-02 16:00:00+00:00,2023-08-03 12:00:00+00:00,short,timeout,-0.3183,20,BTCUSDT,2023,V3-A (1R/2R/1R)
2023-08-07 13:00:00+00:00,2023-08-07 16:00:00+00:00,short,stop,1.1055,3,BTCUSDT,2023,V3-A (1R/2R/1R)
2023-08-24 15:00:00+00:00,2023-08-25 11:00:00+00:00,short,timeout,-0.5603,20,BTCUSDT,2023,V3-A (1R/2R/1R)
2023-08-26 09:00:00+00:00,2023-08-27 05:00:00+00:00,short,timeout,-0.3561,20,BTCUSDT,2023,V3-A (1R/2R/1R)
2023-09-06 07:00:00+00:00,2023-09-06 17:00:00+00:00,short,stop,-0.2011,10,BTCUSDT,2023,V3-A (1R/2R/1R)
2023-09-11 09:00:00+00:00,2023-09-11 13:00:00+00:00,short,stop,-0.157,4,BTCUSDT,2023,V3-A (1R/2R/1R)
2023-09-19 08:00:00+00:00,2023-09-19 10:00:00+00:00,long,stop,-0.1121,2,BTCUSDT,2023,V3-A (1R/2R/1R)
2023-09-20 14:00:00+00:00,2023-09-20 19:00:00+00:00,long,stop,-1.1042,5,BTCUSDT,2023,V3-A (1R/2R/1R)
2023-09-26 10:00:00+00:00,2023-09-26 16:00:00+00:00,short,stop,-0.1963,6,BTCUSDT,2023,V3-A (1R/2R/1R)
2023-10-04 09:00:00+00:00,2023-10-04 13:00:00+00:00,long,stop,-1.1225,4,BTCUSDT,2023,V3-A (1R/2R/1R)
2023-10-04 16:00:00+00:00,2023-10-05 12:00:00+00:00,long,timeout,0.8619,20,BTCUSDT,2023,V3-A (1R/2R/1R)
2023-10-06 09:00:00+00:00,2023-10-06 12:00:00+00:00,long,stop,-1.1452,3,BTCUSDT,2023,V3-A (1R/2R/1R)
2023-10-06 14:00:00+00:00,2023-10-06 22:00:00+00:00,long,stop,1.7688,8,BTCUSDT,2023,V3-A (1R/2R/1R)
2023-10-10 08:00:00+00:00,2023-10-10 11:00:00+00:00,long,stop,-1.1638,3,BTCUSDT,2023,V3-A (1R/2R/1R)
2023-10-13 15:00:00+00:00,2023-10-13 20:00:00+00:00,short,stop,-1.1563,5,BTCUSDT,2023,V3-A (1R/2R/1R)
2023-10-19 10:00:00+00:00,2023-10-19 17:00:00+00:00,long,stop,1.3476,7,BTCUSDT,2023,V3-A (1R/2R/1R)
2023-10-29 08:00:00+00:00,2023-10-29 18:00:00+00:00,long,stop,1.7253,10,BTCUSDT,2023,V3-A (1R/2R/1R)
2023-10-30 09:00:00+00:00,2023-10-30 13:00:00+00:00,long,stop,-0.1101,4,BTCUSDT,2023,V3-A (1R/2R/1R)
2023-11-06 09:00:00+00:00,2023-11-06 18:00:00+00:00,long,stop,-1.1061,9,BTCUSDT,2023,V3-A (1R/2R/1R)
2023-11-18 10:00:00+00:00,2023-11-18 22:00:00+00:00,long,stop,-0.1116,12,BTCUSDT,2023,V3-A (1R/2R/1R)
2023-12-13 14:00:00+00:00,2023-12-13 23:00:00+00:00,long,stop,3.3396,9,BTCUSDT,2023,V3-A (1R/2R/1R)
2023-12-15 09:00:00+00:00,2023-12-15 13:00:00+00:00,long,stop,-1.0858,4,BTCUSDT,2023,V3-A (1R/2R/1R)
2023-12-23 14:00:00+00:00,2023-12-24 05:00:00+00:00,long,stop,-1.1371,15,BTCUSDT,2023,V3-A (1R/2R/1R)
2023-12-25 13:00:00+00:00,2023-12-25 20:00:00+00:00,long,stop,-1.1156,7,BTCUSDT,2023,V3-A (1R/2R/1R)
2023-12-27 10:00:00+00:00,2023-12-27 13:00:00+00:00,long,stop,-1.0769,3,BTCUSDT,2023,V3-A (1R/2R/1R)
2023-12-30 16:00:00+00:00,2023-12-31 00:00:00+00:00,long,timeout,-0.2177,8,BTCUSDT,2023,V3-A (1R/2R/1R)
2023-01-03 15:00:00+00:00,2023-01-03 22:00:00+00:00,short,stop,-0.2208,7,BTCUSDT,2023,V3-B (0.75R/1.5R/0.75R)
2023-01-16 16:00:00+00:00,2023-01-16 20:00:00+00:00,long,stop,0.7121,4,BTCUSDT,2023,V3-B (0.75R/1.5R/0.75R)
2023-01-23 10:00:00+00:00,2023-01-23 13:00:00+00:00,long,stop,-1.087,3,BTCUSDT,2023,V3-B (0.75R/1.5R/0.75R)
2023-01-27 16:00:00+00:00,2023-01-27 21:00:00+00:00,long,stop,-0.0812,5,BTCUSDT,2023,V3-B (0.75R/1.5R/0.75R)
2023-01-31 15:00:00+00:00,2023-01-31 21:00:00+00:00,long,stop,-1.096,6,BTCUSDT,2023,V3-B (0.75R/1.5R/0.75R)
2023-02-01 14:00:00+00:00,2023-02-01 16:00:00+00:00,long,stop,-1.115,2,BTCUSDT,2023,V3-B (0.75R/1.5R/0.75R)
2023-02-04 14:00:00+00:00,2023-02-04 23:00:00+00:00,long,stop,-1.132,9,BTCUSDT,2023,V3-B (0.75R/1.5R/0.75R)
2023-02-07 09:00:00+00:00,2023-02-07 18:00:00+00:00,long,stop,1.3648,9,BTCUSDT,2023,V3-B (0.75R/1.5R/0.75R)
2023-02-20 09:00:00+00:00,2023-02-21 05:00:00+00:00,long,timeout,0.0799,20,BTCUSDT,2023,V3-B (0.75R/1.5R/0.75R)
2023-02-28 15:00:00+00:00,2023-02-28 19:00:00+00:00,long,stop,-1.0995,4,BTCUSDT,2023,V3-B (0.75R/1.5R/0.75R)
2023-03-07 09:00:00+00:00,2023-03-07 15:00:00+00:00,short,stop,0.8607,6,BTCUSDT,2023,V3-B (0.75R/1.5R/0.75R)
2023-03-11 08:00:00+00:00,2023-03-11 23:00:00+00:00,short,stop,-1.0457,15,BTCUSDT,2023,V3-B (0.75R/1.5R/0.75R)
2023-03-16 09:00:00+00:00,2023-03-16 12:00:00+00:00,long,stop,-0.0507,3,BTCUSDT,2023,V3-B (0.75R/1.5R/0.75R)
2023-03-19 14:00:00+00:00,2023-03-19 17:00:00+00:00,long,stop,1.6324,3,BTCUSDT,2023,V3-B (0.75R/1.5R/0.75R)
2023-03-23 15:00:00+00:00,2023-03-23 18:00:00+00:00,long,stop,-1.0424,3,BTCUSDT,2023,V3-B (0.75R/1.5R/0.75R)
2023-03-26 08:00:00+00:00,2023-03-26 14:00:00+00:00,long,stop,1.3257,6,BTCUSDT,2023,V3-B (0.75R/1.5R/0.75R)
2023-03-31 14:00:00+00:00,2023-04-01 03:00:00+00:00,long,stop,-0.0643,13,BTCUSDT,2023,V3-B (0.75R/1.5R/0.75R)
2023-04-03 10:00:00+00:00,2023-04-03 14:00:00+00:00,long,stop,-1.0854,4,BTCUSDT,2023,V3-B (0.75R/1.5R/0.75R)
2023-04-04 08:00:00+00:00,2023-04-04 13:00:00+00:00,long,stop,-0.0729,5,BTCUSDT,2023,V3-B (0.75R/1.5R/0.75R)
2023-04-18 09:00:00+00:00,2023-04-18 13:00:00+00:00,long,stop,1.6952,4,BTCUSDT,2023,V3-B (0.75R/1.5R/0.75R)
2023-04-23 15:00:00+00:00,2023-04-24 00:00:00+00:00,short,stop,-1.1039,9,BTCUSDT,2023,V3-B (0.75R/1.5R/0.75R)
2023-04-24 08:00:00+00:00,2023-04-24 11:00:00+00:00,short,stop,-1.0728,3,BTCUSDT,2023,V3-B (0.75R/1.5R/0.75R)
2023-04-30 09:00:00+00:00,2023-04-30 16:00:00+00:00,long,stop,3.9925,7,BTCUSDT,2023,V3-B (0.75R/1.5R/0.75R)
2023-05-07 15:00:00+00:00,2023-05-07 22:00:00+00:00,long,stop,-1.1167,7,BTCUSDT,2023,V3-B (0.75R/1.5R/0.75R)
2023-05-10 07:00:00+00:00,2023-05-10 12:00:00+00:00,short,stop,-1.115,5,BTCUSDT,2023,V3-B (0.75R/1.5R/0.75R)
2023-05-18 16:00:00+00:00,2023-05-18 18:00:00+00:00,short,stop,2.1132,2,BTCUSDT,2023,V3-B (0.75R/1.5R/0.75R)
2023-06-07 15:00:00+00:00,2023-06-08 11:00:00+00:00,short,timeout,-0.289,20,BTCUSDT,2023,V3-B (0.75R/1.5R/0.75R)
2023-06-12 15:00:00+00:00,2023-06-12 18:00:00+00:00,short,stop,-0.1103,3,BTCUSDT,2023,V3-B (0.75R/1.5R/0.75R)
2023-06-13 16:00:00+00:00,2023-06-14 12:00:00+00:00,short,timeout,-0.73,20,BTCUSDT,2023,V3-B (0.75R/1.5R/0.75R)
2023-06-29 08:00:00+00:00,2023-06-29 11:00:00+00:00,long,stop,0.6752,3,BTCUSDT,2023,V3-B (0.75R/1.5R/0.75R)
2023-07-02 14:00:00+00:00,2023-07-02 15:00:00+00:00,long,stop,-1.2217,1,BTCUSDT,2023,V3-B (0.75R/1.5R/0.75R)
2023-07-02 16:00:00+00:00,2023-07-02 18:00:00+00:00,long,stop,-1.1542,2,BTCUSDT,2023,V3-B (0.75R/1.5R/0.75R)
2023-07-06 07:00:00+00:00,2023-07-06 09:00:00+00:00,long,stop,1.8336,2,BTCUSDT,2023,V3-B (0.75R/1.5R/0.75R)
2023-07-07 15:00:00+00:00,2023-07-08 11:00:00+00:00,long,timeout,-0.7248,20,BTCUSDT,2023,V3-B (0.75R/1.5R/0.75R)
2023-07-10 14:00:00+00:00,2023-07-10 21:00:00+00:00,long,stop,3.3415,7,BTCUSDT,2023,V3-B (0.75R/1.5R/0.75R)
2023-07-16 14:00:00+00:00,2023-07-16 18:00:00+00:00,long,stop,-1.2254,4,BTCUSDT,2023,V3-B (0.75R/1.5R/0.75R)
2023-07-26 10:00:00+00:00,2023-07-26 14:00:00+00:00,short,stop,-1.1827,4,BTCUSDT,2023,V3-B (0.75R/1.5R/0.75R)
2023-07-27 16:00:00+00:00,2023-07-28 00:00:00+00:00,short,stop,-0.1708,8,BTCUSDT,2023,V3-B (0.75R/1.5R/0.75R)
2023-07-29 10:00:00+00:00,2023-07-29 20:00:00+00:00,short,stop,-1.2696,10,BTCUSDT,2023,V3-B (0.75R/1.5R/0.75R)
2023-07-31 15:00:00+00:00,2023-07-31 20:00:00+00:00,short,stop,-0.1989,5,BTCUSDT,2023,V3-B (0.75R/1.5R/0.75R)
2023-08-02 16:00:00+00:00,2023-08-03 12:00:00+00:00,short,timeout,-0.3183,20,BTCUSDT,2023,V3-B (0.75R/1.5R/0.75R)
2023-08-07 13:00:00+00:00,2023-08-07 16:00:00+00:00,short,stop,1.3555,3,BTCUSDT,2023,V3-B (0.75R/1.5R/0.75R)
2023-08-24 15:00:00+00:00,2023-08-25 11:00:00+00:00,short,timeout,-0.5603,20,BTCUSDT,2023,V3-B (0.75R/1.5R/0.75R)
2023-08-26 09:00:00+00:00,2023-08-27 05:00:00+00:00,short,timeout,-0.3561,20,BTCUSDT,2023,V3-B (0.75R/1.5R/0.75R)
2023-09-06 07:00:00+00:00,2023-09-06 15:00:00+00:00,short,stop,0.6391,8,BTCUSDT,2023,V3-B (0.75R/1.5R/0.75R)
2023-09-11 09:00:00+00:00,2023-09-11 13:00:00+00:00,short,stop,-0.157,4,BTCUSDT,2023,V3-B (0.75R/1.5R/0.75R)
2023-09-19 08:00:00+00:00,2023-09-19 10:00:00+00:00,long,stop,1.0647,2,BTCUSDT,2023,V3-B (0.75R/1.5R/0.75R)
2023-09-20 14:00:00+00:00,2023-09-20 19:00:00+00:00,long,stop,-0.1042,5,BTCUSDT,2023,V3-B (0.75R/1.5R/0.75R)
2023-09-26 10:00:00+00:00,2023-09-26 16:00:00+00:00,short,stop,-0.1963,6,BTCUSDT,2023,V3-B (0.75R/1.5R/0.75R)
2023-10-04 09:00:00+00:00,2023-10-04 13:00:00+00:00,long,stop,-1.1225,4,BTCUSDT,2023,V3-B (0.75R/1.5R/0.75R)
2023-10-04 16:00:00+00:00,2023-10-04 20:00:00+00:00,long,stop,0.7004,4,BTCUSDT,2023,V3-B (0.75R/1.5R/0.75R)
2023-10-06 09:00:00+00:00,2023-10-06 12:00:00+00:00,long,stop,-1.1452,3,BTCUSDT,2023,V3-B (0.75R/1.5R/0.75R)
2023-10-06 14:00:00+00:00,2023-10-06 22:00:00+00:00,long,stop,2.0188,8,BTCUSDT,2023,V3-B (0.75R/1.5R/0.75R)
2023-10-10 08:00:00+00:00,2023-10-10 11:00:00+00:00,long,stop,-1.1638,3,BTCUSDT,2023,V3-B (0.75R/1.5R/0.75R)
2023-10-13 15:00:00+00:00,2023-10-13 20:00:00+00:00,short,stop,-1.1563,5,BTCUSDT,2023,V3-B (0.75R/1.5R/0.75R)
2023-10-19 10:00:00+00:00,2023-10-19 16:00:00+00:00,long,stop,0.9053,6,BTCUSDT,2023,V3-B (0.75R/1.5R/0.75R)
2023-10-29 08:00:00+00:00,2023-10-29 14:00:00+00:00,long,stop,0.7308,6,BTCUSDT,2023,V3-B (0.75R/1.5R/0.75R)
2023-10-30 09:00:00+00:00,2023-10-30 13:00:00+00:00,long,stop,-0.1101,4,BTCUSDT,2023,V3-B (0.75R/1.5R/0.75R)
2023-11-06 09:00:00+00:00,2023-11-06 18:00:00+00:00,long,stop,-1.1061,9,BTCUSDT,2023,V3-B (0.75R/1.5R/0.75R)
2023-11-18 10:00:00+00:00,2023-11-18 22:00:00+00:00,long,stop,-0.1116,12,BTCUSDT,2023,V3-B (0.75R/1.5R/0.75R)
2023-12-13 14:00:00+00:00,2023-12-13 17:00:00+00:00,long,stop,0.8673,3,BTCUSDT,2023,V3-B (0.75R/1.5R/0.75R)
2023-12-15 09:00:00+00:00,2023-12-15 13:00:00+00:00,long,stop,-1.0858,4,BTCUSDT,2023,V3-B (0.75R/1.5R/0.75R)
2023-12-23 14:00:00+00:00,2023-12-24 05:00:00+00:00,long,stop,-1.1371,15,BTCUSDT,2023,V3-B (0.75R/1.5R/0.75R)
2023-12-25 13:00:00+00:00,2023-12-25 20:00:00+00:00,long,stop,-1.1156,7,BTCUSDT,2023,V3-B (0.75R/1.5R/0.75R)
2023-12-27 10:00:00+00:00,2023-12-27 13:00:00+00:00,long,stop,-1.0769,3,BTCUSDT,2023,V3-B (0.75R/1.5R/0.75R)
2023-12-30 16:00:00+00:00,2023-12-31 00:00:00+00:00,long,timeout,-0.2177,8,BTCUSDT,2023,V3-B (0.75R/1.5R/0.75R)
2022-01-04 10:00:00+00:00,2022-01-04 18:00:00+00:00,long,stop,-0.0764,8,ETHUSDT,2022,V3-A (1R/2R/1R)
2022-01-16 08:00:00+00:00,2022-01-16 14:00:00+00:00,short,stop,-0.0862,6,ETHUSDT,2022,V3-A (1R/2R/1R)
2022-01-23 15:00:00+00:00,2022-01-23 23:00:00+00:00,short,stop,-1.0268,8,ETHUSDT,2022,V3-A (1R/2R/1R)
2022-02-02 14:00:00+00:00,2022-02-03 10:00:00+00:00,short,timeout,0.9757,20,ETHUSDT,2022,V3-A (1R/2R/1R)
2022-02-09 10:00:00+00:00,2022-02-10 00:00:00+00:00,long,stop,1.4436,14,ETHUSDT,2022,V3-A (1R/2R/1R)
2022-02-13 15:00:00+00:00,2022-02-14 11:00:00+00:00,short,timeout,0.9291,20,ETHUSDT,2022,V3-A (1R/2R/1R)
2022-03-11 16:00:00+00:00,2022-03-12 12:00:00+00:00,short,timeout,-0.6005,20,ETHUSDT,2022,V3-A (1R/2R/1R)
2022-03-12 14:00:00+00:00,2022-03-12 17:00:00+00:00,short,stop,-1.0699,3,ETHUSDT,2022,V3-A (1R/2R/1R)
2022-03-13 09:00:00+00:00,2022-03-13 15:00:00+00:00,short,stop,-0.0964,6,ETHUSDT,2022,V3-A (1R/2R/1R)
2022-03-21 09:00:00+00:00,2022-03-21 16:00:00+00:00,long,stop,-0.061,7,ETHUSDT,2022,V3-A (1R/2R/1R)
2022-03-23 15:00:00+00:00,2022-03-23 17:00:00+00:00,long,stop,-1.0609,2,ETHUSDT,2022,V3-A (1R/2R/1R)
2022-03-26 07:00:00+00:00,2022-03-27 03:00:00+00:00,long,timeout,0.1981,20,ETHUSDT,2022,V3-A (1R/2R/1R)
2022-03-30 08:00:00+00:00,2022-03-30 15:00:00+00:00,long,stop,-1.0599,7,ETHUSDT,2022,V3-A (1R/2R/1R)
2022-04-01 14:00:00+00:00,2022-04-02 10:00:00+00:00,long,timeout,0.9315,20,ETHUSDT,2022,V3-A (1R/2R/1R)
2022-04-14 13:00:00+00:00,2022-04-15 04:00:00+00:00,short,stop,-0.0513,15,ETHUSDT,2022,V3-A (1R/2R/1R)
2022-04-16 15:00:00+00:00,2022-04-16 22:00:00+00:00,short,stop,-1.0614,7,ETHUSDT,2022,V3-A (1R/2R/1R)
2022-04-26 14:00:00+00:00,2022-04-27 00:00:00+00:00,short,stop,1.6225,10,ETHUSDT,2022,V3-A (1R/2R/1R)
2022-04-27 14:00:00+00:00,2022-04-28 01:00:00+00:00,short,stop,-1.0379,11,ETHUSDT,2022,V3-A (1R/2R/1R)
2022-04-29 09:00:00+00:00,2022-04-29 13:00:00+00:00,short,stop,-0.0614,4,ETHUSDT,2022,V3-A (1R/2R/1R)
2022-05-03 14:00:00+00:00,2022-05-04 07:00:00+00:00,short,stop,-0.074,17,ETHUSDT,2022,V3-A (1R/2R/1R)
2022-05-05 14:00:00+00:00,2022-05-06 10:00:00+00:00,short,timeout,1.8617,20,ETHUSDT,2022,V3-A (1R/2R/1R)
2022-05-20 15:00:00+00:00,2022-05-21 11:00:00+00:00,short,timeout,-0.2681,20,ETHUSDT,2022,V3-A (1R/2R/1R)
2022-05-25 10:00:00+00:00,2022-05-26 06:00:00+00:00,short,timeout,1.2526,20,ETHUSDT,2022,V3-A (1R/2R/1R)
2022-06-09 14:00:00+00:00,2022-06-09 17:00:00+00:00,short,stop,-1.0568,3,ETHUSDT,2022,V3-A (1R/2R/1R)
2022-06-16 09:00:00+00:00,2022-06-17 05:00:00+00:00,short,timeout,0.4104,20,ETHUSDT,2022,V3-A (1R/2R/1R)
2022-06-25 15:00:00+00:00,2022-06-25 18:00:00+00:00,short,stop,-1.0371,3,ETHUSDT,2022,V3-A (1R/2R/1R)
2022-06-28 16:00:00+00:00,2022-06-29 09:00:00+00:00,short,stop,1.8113,17,ETHUSDT,2022,V3-A (1R/2R/1R)
2022-07-05 13:00:00+00:00,2022-07-05 18:00:00+00:00,short,stop,-1.0377,5,ETHUSDT,2022,V3-A (1R/2R/1R)
2022-07-30 13:00:00+00:00,2022-07-30 20:00:00+00:00,long,stop,-1.0397,7,ETHUSDT,2022,V3-A (1R/2R/1R)
2022-08-02 16:00:00+00:00,2022-08-02 19:00:00+00:00,long,stop,-1.0355,3,ETHUSDT,2022,V3-A (1R/2R/1R)
2022-08-07 14:00:00+00:00,2022-08-07 22:00:00+00:00,long,stop,-0.0704,8,ETHUSDT,2022,V3-A (1R/2R/1R)
2022-08-12 15:00:00+00:00,2022-08-13 08:00:00+00:00,long,stop,2.6097,17,ETHUSDT,2022,V3-A (1R/2R/1R)
2022-08-30 16:00:00+00:00,2022-08-30 19:00:00+00:00,short,stop,-1.0265,3,ETHUSDT,2022,V3-A (1R/2R/1R)
2022-09-01 14:00:00+00:00,2022-09-01 18:00:00+00:00,short,stop,-1.0263,4,ETHUSDT,2022,V3-A (1R/2R/1R)
2022-09-15 10:00:00+00:00,2022-09-15 16:00:00+00:00,short,stop,1.7605,6,ETHUSDT,2022,V3-A (1R/2R/1R)
2022-09-18 09:00:00+00:00,2022-09-18 23:00:00+00:00,short,stop,1.9819,14,ETHUSDT,2022,V3-A (1R/2R/1R)
2022-09-20 13:00:00+00:00,2022-09-20 15:00:00+00:00,short,stop,-1.0442,2,ETHUSDT,2022,V3-A (1R/2R/1R)
2022-09-25 09:00:00+00:00,2022-09-25 18:00:00+00:00,short,stop,1.4212,9,ETHUSDT,2022,V3-A (1R/2R/1R)
2022-09-29 13:00:00+00:00,2022-09-29 15:00:00+00:00,short,stop,-1.0403,2,ETHUSDT,2022,V3-A (1R/2R/1R)
2022-10-18 14:00:00+00:00,2022-10-18 20:00:00+00:00,short,stop,-0.0706,6,ETHUSDT,2022,V3-A (1R/2R/1R)
2022-10-28 16:00:00+00:00,2022-10-29 11:00:00+00:00,long,stop,1.5173,19,ETHUSDT,2022,V3-A (1R/2R/1R)
2022-10-31 09:00:00+00:00,2022-10-31 13:00:00+00:00,long,stop,-1.0357,4,ETHUSDT,2022,V3-A (1R/2R/1R)
2022-11-11 16:00:00+00:00,2022-11-12 12:00:00+00:00,short,timeout,-0.337,20,ETHUSDT,2022,V3-A (1R/2R/1R)
2022-11-20 10:00:00+00:00,2022-11-20 12:00:00+00:00,short,stop,2.1546,2,ETHUSDT,2022,V3-A (1R/2R/1R)
2022-12-05 16:00:00+00:00,2022-12-06 12:00:00+00:00,short,stop,-0.0735,20,ETHUSDT,2022,V3-A (1R/2R/1R)
2022-12-18 09:00:00+00:00,2022-12-18 18:00:00+00:00,short,stop,-1.0955,9,ETHUSDT,2022,V3-A (1R/2R/1R)
2022-12-19 16:00:00+00:00,2022-12-19 23:00:00+00:00,short,stop,1.2356,7,ETHUSDT,2022,V3-A (1R/2R/1R)
2022-12-22 14:00:00+00:00,2022-12-22 20:00:00+00:00,short,stop,-1.0578,6,ETHUSDT,2022,V3-A (1R/2R/1R)
2022-12-24 10:00:00+00:00,2022-12-24 19:00:00+00:00,short,stop,-1.1684,9,ETHUSDT,2022,V3-A (1R/2R/1R)
2022-12-26 15:00:00+00:00,2022-12-26 23:00:00+00:00,short,stop,-1.1533,8,ETHUSDT,2022,V3-A (1R/2R/1R)
2022-01-04 10:00:00+00:00,2022-01-04 15:00:00+00:00,long,stop,1.1395,5,ETHUSDT,2022,V3-B (0.75R/1.5R/0.75R)
2022-01-16 08:00:00+00:00,2022-01-16 12:00:00+00:00,short,stop,-0.0862,4,ETHUSDT,2022,V3-B (0.75R/1.5R/0.75R)
2022-01-23 15:00:00+00:00,2022-01-23 21:00:00+00:00,short,stop,-0.0268,6,ETHUSDT,2022,V3-B (0.75R/1.5R/0.75R)
2022-02-02 14:00:00+00:00,2022-02-02 22:00:00+00:00,short,stop,-0.0264,8,ETHUSDT,2022,V3-B (0.75R/1.5R/0.75R)
2022-02-09 10:00:00+00:00,2022-02-09 15:00:00+00:00,long,stop,0.7577,5,ETHUSDT,2022,V3-B (0.75R/1.5R/0.75R)
2022-02-13 15:00:00+00:00,2022-02-13 19:00:00+00:00,short,stop,1.1048,4,ETHUSDT,2022,V3-B (0.75R/1.5R/0.75R)
2022-03-11 16:00:00+00:00,2022-03-12 12:00:00+00:00,short,timeout,-0.6005,20,ETHUSDT,2022,V3-B (0.75R/1.5R/0.75R)
2022-03-12 14:00:00+00:00,2022-03-12 17:00:00+00:00,short,stop,-1.0699,3,ETHUSDT,2022,V3-B (0.75R/1.5R/0.75R)
2022-03-13 09:00:00+00:00,2022-03-13 13:00:00+00:00,short,stop,1.1025,4,ETHUSDT,2022,V3-B (0.75R/1.5R/0.75R)
2022-03-21 09:00:00+00:00,2022-03-21 14:00:00+00:00,long,stop,-0.061,5,ETHUSDT,2022,V3-B (0.75R/1.5R/0.75R)
2022-03-23 15:00:00+00:00,2022-03-23 17:00:00+00:00,long,stop,-1.0609,2,ETHUSDT,2022,V3-B (0.75R/1.5R/0.75R)
2022-03-26 07:00:00+00:00,2022-03-27 03:00:00+00:00,long,timeout,0.1981,20,ETHUSDT,2022,V3-B (0.75R/1.5R/0.75R)
2022-03-30 08:00:00+00:00,2022-03-30 15:00:00+00:00,long,stop,-1.0599,7,ETHUSDT,2022,V3-B (0.75R/1.5R/0.75R)
2022-04-01 14:00:00+00:00,2022-04-02 10:00:00+00:00,long,timeout,0.9315,20,ETHUSDT,2022,V3-B (0.75R/1.5R/0.75R)
2022-04-14 13:00:00+00:00,2022-04-15 04:00:00+00:00,short,stop,-0.0513,15,ETHUSDT,2022,V3-B (0.75R/1.5R/0.75R)
2022-04-16 15:00:00+00:00,2022-04-16 22:00:00+00:00,short,stop,-1.0614,7,ETHUSDT,2022,V3-B (0.75R/1.5R/0.75R)
2022-04-26 14:00:00+00:00,2022-04-26 20:00:00+00:00,short,stop,0.9484,6,ETHUSDT,2022,V3-B (0.75R/1.5R/0.75R)
2022-04-27 14:00:00+00:00,2022-04-28 01:00:00+00:00,short,stop,-1.0379,11,ETHUSDT,2022,V3-B (0.75R/1.5R/0.75R)
2022-04-29 09:00:00+00:00,2022-04-29 13:00:00+00:00,short,stop,-0.0614,4,ETHUSDT,2022,V3-B (0.75R/1.5R/0.75R)
2022-05-03 14:00:00+00:00,2022-05-03 20:00:00+00:00,short,stop,0.9921,6,ETHUSDT,2022,V3-B (0.75R/1.5R/0.75R)
2022-05-05 14:00:00+00:00,2022-05-05 20:00:00+00:00,short,stop,1.1481,6,ETHUSDT,2022,V3-B (0.75R/1.5R/0.75R)
2022-05-20 15:00:00+00:00,2022-05-20 19:00:00+00:00,short,stop,-0.0418,4,ETHUSDT,2022,V3-B (0.75R/1.5R/0.75R)
2022-05-25 10:00:00+00:00,2022-05-25 13:00:00+00:00,short,stop,-0.0572,3,ETHUSDT,2022,V3-B (0.75R/1.5R/0.75R)
2022-06-09 14:00:00+00:00,2022-06-09 17:00:00+00:00,short,stop,-1.0568,3,ETHUSDT,2022,V3-B (0.75R/1.5R/0.75R)
2022-06-16 09:00:00+00:00,2022-06-17 05:00:00+00:00,short,timeout,0.4104,20,ETHUSDT,2022,V3-B (0.75R/1.5R/0.75R)
2022-06-25 15:00:00+00:00,2022-06-25 18:00:00+00:00,short,stop,-1.0371,3,ETHUSDT,2022,V3-B (0.75R/1.5R/0.75R)
2022-06-28 16:00:00+00:00,2022-06-29 01:00:00+00:00,short,stop,1.3238,9,ETHUSDT,2022,V3-B (0.75R/1.5R/0.75R)
2022-07-05 13:00:00+00:00,2022-07-05 18:00:00+00:00,short,stop,-1.0377,5,ETHUSDT,2022,V3-B (0.75R/1.5R/0.75R)
2022-07-30 13:00:00+00:00,2022-07-30 20:00:00+00:00,long,stop,-1.0397,7,ETHUSDT,2022,V3-B (0.75R/1.5R/0.75R)
2022-08-02 16:00:00+00:00,2022-08-02 19:00:00+00:00,long,stop,-1.0355,3,ETHUSDT,2022,V3-B (0.75R/1.5R/0.75R)
2022-08-07 14:00:00+00:00,2022-08-07 22:00:00+00:00,long,stop,-0.0704,8,ETHUSDT,2022,V3-B (0.75R/1.5R/0.75R)
2022-08-12 15:00:00+00:00,2022-08-13 07:00:00+00:00,long,stop,2.8597,16,ETHUSDT,2022,V3-B (0.75R/1.5R/0.75R)
2022-08-30 16:00:00+00:00,2022-08-30 19:00:00+00:00,short,stop,-1.0265,3,ETHUSDT,2022,V3-B (0.75R/1.5R/0.75R)
2022-09-01 14:00:00+00:00,2022-09-01 18:00:00+00:00,short,stop,-1.0263,4,ETHUSDT,2022,V3-B (0.75R/1.5R/0.75R)
2022-09-15 10:00:00+00:00,2022-09-15 16:00:00+00:00,short,stop,2.0105,6,ETHUSDT,2022,V3-B (0.75R/1.5R/0.75R)
2022-09-18 09:00:00+00:00,2022-09-18 23:00:00+00:00,short,stop,2.2319,14,ETHUSDT,2022,V3-B (0.75R/1.5R/0.75R)
2022-09-20 13:00:00+00:00,2022-09-20 15:00:00+00:00,short,stop,-1.0442,2,ETHUSDT,2022,V3-B (0.75R/1.5R/0.75R)
2022-09-25 09:00:00+00:00,2022-09-25 14:00:00+00:00,short,stop,0.7087,5,ETHUSDT,2022,V3-B (0.75R/1.5R/0.75R)
2022-09-29 13:00:00+00:00,2022-09-29 15:00:00+00:00,short,stop,-1.0403,2,ETHUSDT,2022,V3-B (0.75R/1.5R/0.75R)
2022-10-18 14:00:00+00:00,2022-10-18 20:00:00+00:00,short,stop,-0.0706,6,ETHUSDT,2022,V3-B (0.75R/1.5R/0.75R)
2022-10-28 16:00:00+00:00,2022-10-29 11:00:00+00:00,long,stop,1.7673,19,ETHUSDT,2022,V3-B (0.75R/1.5R/0.75R)
2022-10-31 09:00:00+00:00,2022-10-31 13:00:00+00:00,long,stop,-1.0357,4,ETHUSDT,2022,V3-B (0.75R/1.5R/0.75R)
2022-11-11 16:00:00+00:00,2022-11-12 12:00:00+00:00,short,timeout,-0.337,20,ETHUSDT,2022,V3-B (0.75R/1.5R/0.75R)
2022-11-20 10:00:00+00:00,2022-11-20 12:00:00+00:00,short,stop,2.4046,2,ETHUSDT,2022,V3-B (0.75R/1.5R/0.75R)
2022-12-05 16:00:00+00:00,2022-12-05 21:00:00+00:00,short,stop,-0.0735,5,ETHUSDT,2022,V3-B (0.75R/1.5R/0.75R)
2022-12-18 09:00:00+00:00,2022-12-18 18:00:00+00:00,short,stop,-1.0955,9,ETHUSDT,2022,V3-B (0.75R/1.5R/0.75R)
2022-12-19 16:00:00+00:00,2022-12-19 18:00:00+00:00,short,stop,-0.0902,2,ETHUSDT,2022,V3-B (0.75R/1.5R/0.75R)
2022-12-22 14:00:00+00:00,2022-12-22 20:00:00+00:00,short,stop,-1.0578,6,ETHUSDT,2022,V3-B (0.75R/1.5R/0.75R)
2022-12-24 10:00:00+00:00,2022-12-24 19:00:00+00:00,short,stop,-1.1684,9,ETHUSDT,2022,V3-B (0.75R/1.5R/0.75R)
2022-12-26 15:00:00+00:00,2022-12-26 23:00:00+00:00,short,stop,-1.1533,8,ETHUSDT,2022,V3-B (0.75R/1.5R/0.75R)
2023-01-03 15:00:00+00:00,2023-01-03 20:00:00+00:00,short,stop,-0.1606,5,ETHUSDT,2023,V3-A (1R/2R/1R)
2023-01-06 15:00:00+00:00,2023-01-07 06:00:00+00:00,long,stop,-0.077,15,ETHUSDT,2023,V3-A (1R/2R/1R)
2023-01-08 14:00:00+00:00,2023-01-08 16:00:00+00:00,long,stop,0.9387,2,ETHUSDT,2023,V3-A (1R/2R/1R)
2023-01-22 16:00:00+00:00,2023-01-22 19:00:00+00:00,long,stop,-0.0673,3,ETHUSDT,2023,V3-A (1R/2R/1R)
2023-01-23 09:00:00+00:00,2023-01-23 13:00:00+00:00,long,stop,-1.0805,4,ETHUSDT,2023,V3-A (1R/2R/1R)
2023-01-31 15:00:00+00:00,2023-01-31 21:00:00+00:00,long,stop,-1.0768,6,ETHUSDT,2023,V3-A (1R/2R/1R)
2023-02-03 15:00:00+00:00,2023-02-04 11:00:00+00:00,long,timeout,-0.1211,20,ETHUSDT,2023,V3-A (1R/2R/1R)
2023-02-06 16:00:00+00:00,2023-02-06 23:00:00+00:00,long,stop,-1.0741,7,ETHUSDT,2023,V3-A (1R/2R/1R)
2023-02-07 10:00:00+00:00,2023-02-07 15:00:00+00:00,long,stop,-1.0935,5,ETHUSDT,2023,V3-A (1R/2R/1R)
2023-02-20 08:00:00+00:00,2023-02-20 16:00:00+00:00,long,stop,-0.0858,8,ETHUSDT,2023,V3-A (1R/2R/1R)
2023-02-24 08:00:00+00:00,2023-02-24 13:00:00+00:00,long,stop,-1.0813,5,ETHUSDT,2023,V3-A (1R/2R/1R)
2023-02-28 14:00:00+00:00,2023-02-28 21:00:00+00:00,long,stop,-1.0967,7,ETHUSDT,2023,V3-A (1R/2R/1R)
2023-03-07 10:00:00+00:00,2023-03-07 16:00:00+00:00,short,stop,2.8582,6,ETHUSDT,2023,V3-A (1R/2R/1R)
2023-03-16 15:00:00+00:00,2023-03-16 20:00:00+00:00,long,stop,-0.0551,5,ETHUSDT,2023,V3-A (1R/2R/1R)
2023-03-19 15:00:00+00:00,2023-03-19 20:00:00+00:00,long,stop,-0.0614,5,ETHUSDT,2023,V3-A (1R/2R/1R)
2023-03-23 14:00:00+00:00,2023-03-24 10:00:00+00:00,long,timeout,-0.3104,20,ETHUSDT,2023,V3-A (1R/2R/1R)
2023-04-02 09:00:00+00:00,2023-04-02 12:00:00+00:00,long,stop,-1.1458,3,ETHUSDT,2023,V3-A (1R/2R/1R)
2023-04-03 10:00:00+00:00,2023-04-03 14:00:00+00:00,long,stop,-0.0979,4,ETHUSDT,2023,V3-A (1R/2R/1R)
2023-04-12 15:00:00+00:00,2023-04-13 11:00:00+00:00,long,timeout,2.8856,20,ETHUSDT,2023,V3-A (1R/2R/1R)
2023-04-23 15:00:00+00:00,2023-04-23 21:00:00+00:00,short,stop,-0.097,6,ETHUSDT,2023,V3-A (1R/2R/1R)
2023-04-29 07:00:00+00:00,2023-04-29 17:00:00+00:00,long,stop,-0.1095,10,ETHUSDT,2023,V3-A (1R/2R/1R)
2023-05-03 14:00:00+00:00,2023-05-03 16:00:00+00:00,short,stop,-1.103,2,ETHUSDT,2023,V3-A (1R/2R/1R)
2023-05-07 14:00:00+00:00,2023-05-07 16:00:00+00:00,long,stop,-1.085,2,ETHUSDT,2023,V3-A (1R/2R/1R)
2023-05-17 07:00:00+00:00,2023-05-17 17:00:00+00:00,short,stop,-0.1149,10,ETHUSDT,2023,V3-A (1R/2R/1R)
2023-05-18 15:00:00+00:00,2023-05-18 18:00:00+00:00,short,stop,1.5457,3,ETHUSDT,2023,V3-A (1R/2R/1R)
2023-05-21 08:00:00+00:00,2023-05-21 14:00:00+00:00,short,stop,-0.2017,6,ETHUSDT,2023,V3-A (1R/2R/1R)
2023-06-01 16:00:00+00:00,2023-06-01 19:00:00+00:00,long,stop,-1.1053,3,ETHUSDT,2023,V3-A (1R/2R/1R)
2023-06-04 07:00:00+00:00,2023-06-04 14:00:00+00:00,long,stop,-0.1826,7,ETHUSDT,2023,V3-A (1R/2R/1R)
2023-06-13 14:00:00+00:00,2023-06-14 10:00:00+00:00,short,timeout,-0.4728,20,ETHUSDT,2023,V3-A (1R/2R/1R)
2023-06-14 15:00:00+00:00,2023-06-14 19:00:00+00:00,short,stop,0.8899,4,ETHUSDT,2023,V3-A (1R/2R/1R)
2023-06-20 13:00:00+00:00,2023-06-20 16:00:00+00:00,short,stop,-1.1111,3,ETHUSDT,2023,V3-A (1R/2R/1R)
2023-06-23 15:00:00+00:00,2023-06-23 21:00:00+00:00,long,stop,-1.0486,6,ETHUSDT,2023,V3-A (1R/2R/1R)
2023-06-27 09:00:00+00:00,2023-06-27 15:00:00+00:00,long,stop,-0.0957,6,ETHUSDT,2023,V3-A (1R/2R/1R)
2023-06-29 10:00:00+00:00,2023-06-29 14:00:00+00:00,long,stop,-1.1069,4,ETHUSDT,2023,V3-A (1R/2R/1R)
2023-07-02 14:00:00+00:00,2023-07-02 15:00:00+00:00,long,stop,-1.1511,1,ETHUSDT,2023,V3-A (1R/2R/1R)
2023-07-06 07:00:00+00:00,2023-07-06 10:00:00+00:00,long,stop,1.25,3,ETHUSDT,2023,V3-A (1R/2R/1R)
2023-07-16 14:00:00+00:00,2023-07-16 18:00:00+00:00,long,stop,-1.1583,4,ETHUSDT,2023,V3-A (1R/2R/1R)
2023-07-20 07:00:00+00:00,2023-07-20 14:00:00+00:00,long,stop,-0.1244,7,ETHUSDT,2023,V3-A (1R/2R/1R)
2023-07-26 07:00:00+00:00,2023-07-26 16:00:00+00:00,short,stop,-1.1768,9,ETHUSDT,2023,V3-A (1R/2R/1R)
2023-08-02 14:00:00+00:00,2023-08-02 19:00:00+00:00,short,stop,-0.1463,5,ETHUSDT,2023,V3-A (1R/2R/1R)
2023-08-06 09:00:00+00:00,2023-08-06 21:00:00+00:00,short,stop,-1.2847,12,ETHUSDT,2023,V3-A (1R/2R/1R)
2023-08-07 13:00:00+00:00,2023-08-07 17:00:00+00:00,short,stop,2.3112,4,ETHUSDT,2023,V3-A (1R/2R/1R)
2023-08-21 08:00:00+00:00,2023-08-21 11:00:00+00:00,short,stop,-0.1393,3,ETHUSDT,2023,V3-A (1R/2R/1R)
2023-08-24 14:00:00+00:00,2023-08-24 23:00:00+00:00,short,stop,-1.0743,9,ETHUSDT,2023,V3-A (1R/2R/1R)
2023-08-26 09:00:00+00:00,2023-08-27 05:00:00+00:00,short,timeout,-0.4408,20,ETHUSDT,2023,V3-A (1R/2R/1R)
2023-08-27 07:00:00+00:00,2023-08-27 14:00:00+00:00,short,stop,-1.2561,7,ETHUSDT,2023,V3-A (1R/2R/1R)
2023-08-29 08:00:00+00:00,2023-08-29 14:00:00+00:00,short,stop,-1.1612,6,ETHUSDT,2023,V3-A (1R/2R/1R)
2023-08-31 15:00:00+00:00,2023-08-31 18:00:00+00:00,short,stop,1.7475,3,ETHUSDT,2023,V3-A (1R/2R/1R)
2023-09-03 08:00:00+00:00,2023-09-03 12:00:00+00:00,short,stop,-1.2103,4,ETHUSDT,2023,V3-A (1R/2R/1R)
2023-09-06 07:00:00+00:00,2023-09-06 17:00:00+00:00,short,stop,-0.1749,10,ETHUSDT,2023,V3-A (1R/2R/1R)
2023-09-08 10:00:00+00:00,2023-09-09 06:00:00+00:00,short,timeout,-0.8571,20,ETHUSDT,2023,V3-A (1R/2R/1R)
2023-09-22 15:00:00+00:00,2023-09-23 11:00:00+00:00,short,timeout,-0.1386,20,ETHUSDT,2023,V3-A (1R/2R/1R)
2023-09-24 16:00:00+00:00,2023-09-24 17:00:00+00:00,short,stop,-1.3024,1,ETHUSDT,2023,V3-A (1R/2R/1R)
2023-09-26 15:00:00+00:00,2023-09-26 16:00:00+00:00,short,stop,-1.1445,1,ETHUSDT,2023,V3-A (1R/2R/1R)
2023-10-11 15:00:00+00:00,2023-10-12 11:00:00+00:00,short,timeout,0.3835,20,ETHUSDT,2023,V3-A (1R/2R/1R)
2023-10-13 15:00:00+00:00,2023-10-13 20:00:00+00:00,short,stop,-1.1257,5,ETHUSDT,2023,V3-A (1R/2R/1R)
2023-10-18 16:00:00+00:00,2023-10-19 05:00:00+00:00,short,stop,1.2675,13,ETHUSDT,2023,V3-A (1R/2R/1R)
2023-10-25 14:00:00+00:00,2023-10-25 17:00:00+00:00,long,stop,-1.059,3,ETHUSDT,2023,V3-A (1R/2R/1R)
2023-10-29 09:00:00+00:00,2023-10-29 14:00:00+00:00,long,stop,-0.1341,5,ETHUSDT,2023,V3-A (1R/2R/1R)
2023-10-30 08:00:00+00:00,2023-10-30 17:00:00+00:00,long,stop,-1.0466,9,ETHUSDT,2023,V3-A (1R/2R/1R)
2023-11-03 16:00:00+00:00,2023-11-04 12:00:00+00:00,long,timeout,1.064,20,ETHUSDT,2023,V3-A (1R/2R/1R)
2023-11-08 13:00:00+00:00,2023-11-08 21:00:00+00:00,long,stop,-0.1117,8,ETHUSDT,2023,V3-A (1R/2R/1R)
2023-11-11 16:00:00+00:00,2023-11-11 20:00:00+00:00,long,stop,-1.0713,4,ETHUSDT,2023,V3-A (1R/2R/1R)
2023-11-13 10:00:00+00:00,2023-11-13 16:00:00+00:00,long,stop,1.2761,6,ETHUSDT,2023,V3-A (1R/2R/1R)
2023-11-15 14:00:00+00:00,2023-11-15 21:00:00+00:00,long,stop,1.1979,7,ETHUSDT,2023,V3-A (1R/2R/1R)
2023-11-18 16:00:00+00:00,2023-11-19 01:00:00+00:00,long,stop,-1.0897,9,ETHUSDT,2023,V3-A (1R/2R/1R)
2023-11-19 15:00:00+00:00,2023-11-20 00:00:00+00:00,long,stop,1.6221,9,ETHUSDT,2023,V3-A (1R/2R/1R)
2023-11-22 09:00:00+00:00,2023-11-22 22:00:00+00:00,long,stop,1.9044,13,ETHUSDT,2023,V3-A (1R/2R/1R)
2023-11-28 13:00:00+00:00,2023-11-29 09:00:00+00:00,long,timeout,1.3888,20,ETHUSDT,2023,V3-A (1R/2R/1R)
2023-12-07 15:00:00+00:00,2023-12-08 11:00:00+00:00,long,timeout,0.7516,20,ETHUSDT,2023,V3-A (1R/2R/1R)
2023-12-13 15:00:00+00:00,2023-12-13 23:00:00+00:00,long,stop,1.2077,8,ETHUSDT,2023,V3-A (1R/2R/1R)
2023-12-16 15:00:00+00:00,2023-12-16 18:00:00+00:00,long,stop,-1.1047,3,ETHUSDT,2023,V3-A (1R/2R/1R)
2023-12-21 08:00:00+00:00,2023-12-21 13:00:00+00:00,long,stop,1.4618,5,ETHUSDT,2023,V3-A (1R/2R/1R)
2023-12-27 09:00:00+00:00,2023-12-27 17:00:00+00:00,long,stop,4.7663,8,ETHUSDT,2023,V3-A (1R/2R/1R)
2023-01-03 15:00:00+00:00,2023-01-03 20:00:00+00:00,short,stop,-0.1606,5,ETHUSDT,2023,V3-B (0.75R/1.5R/0.75R)
2023-01-06 15:00:00+00:00,2023-01-07 06:00:00+00:00,long,stop,-0.077,15,ETHUSDT,2023,V3-B (0.75R/1.5R/0.75R)
2023-01-08 14:00:00+00:00,2023-01-08 16:00:00+00:00,long,stop,1.1887,2,ETHUSDT,2023,V3-B (0.75R/1.5R/0.75R)
2023-01-22 16:00:00+00:00,2023-01-22 19:00:00+00:00,long,stop,-0.0673,3,ETHUSDT,2023,V3-B (0.75R/1.5R/0.75R)
2023-01-23 09:00:00+00:00,2023-01-23 13:00:00+00:00,long,stop,-1.0805,4,ETHUSDT,2023,V3-B (0.75R/1.5R/0.75R)
2023-01-31 15:00:00+00:00,2023-01-31 19:00:00+00:00,long,stop,-0.0768,4,ETHUSDT,2023,V3-B (0.75R/1.5R/0.75R)
2023-02-03 15:00:00+00:00,2023-02-04 11:00:00+00:00,long,timeout,-0.1211,20,ETHUSDT,2023,V3-B (0.75R/1.5R/0.75R)
2023-02-06 16:00:00+00:00,2023-02-06 23:00:00+00:00,long,stop,-1.0741,7,ETHUSDT,2023,V3-B (0.75R/1.5R/0.75R)
2023-02-07 10:00:00+00:00,2023-02-07 15:00:00+00:00,long,stop,-1.0935,5,ETHUSDT,2023,V3-B (0.75R/1.5R/0.75R)
2023-02-20 08:00:00+00:00,2023-02-20 12:00:00+00:00,long,stop,0.7605,4,ETHUSDT,2023,V3-B (0.75R/1.5R/0.75R)
2023-02-24 08:00:00+00:00,2023-02-24 13:00:00+00:00,long,stop,-1.0813,5,ETHUSDT,2023,V3-B (0.75R/1.5R/0.75R)
2023-02-28 14:00:00+00:00,2023-02-28 19:00:00+00:00,long,stop,-0.0967,5,ETHUSDT,2023,V3-B (0.75R/1.5R/0.75R)
2023-03-07 10:00:00+00:00,2023-03-07 15:00:00+00:00,short,stop,-0.1447,5,ETHUSDT,2023,V3-B (0.75R/1.5R/0.75R)
2023-03-16 15:00:00+00:00,2023-03-16 20:00:00+00:00,long,stop,-0.0551,5,ETHUSDT,2023,V3-B (0.75R/1.5R/0.75R)
2023-03-19 15:00:00+00:00,2023-03-19 17:00:00+00:00,long,stop,0.7808,2,ETHUSDT,2023,V3-B (0.75R/1.5R/0.75R)
2023-03-23 14:00:00+00:00,2023-03-23 18:00:00+00:00,long,stop,-0.0269,4,ETHUSDT,2023,V3-B (0.75R/1.5R/0.75R)
2023-04-02 09:00:00+00:00,2023-04-02 12:00:00+00:00,long,stop,-1.1458,3,ETHUSDT,2023,V3-B (0.75R/1.5R/0.75R)
2023-04-03 10:00:00+00:00,2023-04-03 14:00:00+00:00,long,stop,-0.0979,4,ETHUSDT,2023,V3-B (0.75R/1.5R/0.75R)
2023-04-12 15:00:00+00:00,2023-04-13 10:00:00+00:00,long,stop,2.5705,19,ETHUSDT,2023,V3-B (0.75R/1.5R/0.75R)
2023-04-23 15:00:00+00:00,2023-04-23 21:00:00+00:00,short,stop,-0.097,6,ETHUSDT,2023,V3-B (0.75R/1.5R/0.75R)
2023-04-29 07:00:00+00:00,2023-04-29 17:00:00+00:00,long,stop,-0.1095,10,ETHUSDT,2023,V3-B (0.75R/1.5R/0.75R)
2023-05-03 14:00:00+00:00,2023-05-03 16:00:00+00:00,short,stop,-1.103,2,ETHUSDT,2023,V3-B (0.75R/1.5R/0.75R)
2023-05-07 14:00:00+00:00,2023-05-07 16:00:00+00:00,long,stop,-1.085,2,ETHUSDT,2023,V3-B (0.75R/1.5R/0.75R)
2023-05-17 07:00:00+00:00,2023-05-17 15:00:00+00:00,short,stop,0.956,8,ETHUSDT,2023,V3-B (0.75R/1.5R/0.75R)
2023-05-18 15:00:00+00:00,2023-05-18 18:00:00+00:00,short,stop,1.7957,3,ETHUSDT,2023,V3-B (0.75R/1.5R/0.75R)
2023-05-21 08:00:00+00:00,2023-05-21 14:00:00+00:00,short,stop,-0.2017,6,ETHUSDT,2023,V3-B (0.75R/1.5R/0.75R)
2023-06-01 16:00:00+00:00,2023-06-01 19:00:00+00:00,long,stop,-1.1053,3,ETHUSDT,2023,V3-B (0.75R/1.5R/0.75R)
2023-06-04 07:00:00+00:00,2023-06-04 14:00:00+00:00,long,stop,0.7323,7,ETHUSDT,2023,V3-B (0.75R/1.5R/0.75R)
2023-06-13 14:00:00+00:00,2023-06-13 17:00:00+00:00,short,stop,-0.086,3,ETHUSDT,2023,V3-B (0.75R/1.5R/0.75R)
2023-06-14 15:00:00+00:00,2023-06-14 18:00:00+00:00,short,stop,-0.1451,3,ETHUSDT,2023,V3-B (0.75R/1.5R/0.75R)
2023-06-20 13:00:00+00:00,2023-06-20 16:00:00+00:00,short,stop,-1.1111,3,ETHUSDT,2023,V3-B (0.75R/1.5R/0.75R)
2023-06-23 15:00:00+00:00,2023-06-23 21:00:00+00:00,long,stop,-1.0486,6,ETHUSDT,2023,V3-B (0.75R/1.5R/0.75R)
2023-06-27 09:00:00+00:00,2023-06-27 11:00:00+00:00,long,stop,-0.0957,2,ETHUSDT,2023,V3-B (0.75R/1.5R/0.75R)
2023-06-29 10:00:00+00:00,2023-06-29 14:00:00+00:00,long,stop,-0.1069,4,ETHUSDT,2023,V3-B (0.75R/1.5R/0.75R)
2023-07-02 14:00:00+00:00,2023-07-02 15:00:00+00:00,long,stop,-1.1511,1,ETHUSDT,2023,V3-B (0.75R/1.5R/0.75R)
2023-07-06 07:00:00+00:00,2023-07-06 09:00:00+00:00,long,stop,0.9997,2,ETHUSDT,2023,V3-B (0.75R/1.5R/0.75R)
2023-07-16 14:00:00+00:00,2023-07-16 18:00:00+00:00,long,stop,-1.1583,4,ETHUSDT,2023,V3-B (0.75R/1.5R/0.75R)
2023-07-20 07:00:00+00:00,2023-07-20 14:00:00+00:00,long,stop,-0.1244,7,ETHUSDT,2023,V3-B (0.75R/1.5R/0.75R)
2023-07-26 07:00:00+00:00,2023-07-26 16:00:00+00:00,short,stop,-1.1768,9,ETHUSDT,2023,V3-B (0.75R/1.5R/0.75R)
2023-08-02 14:00:00+00:00,2023-08-02 17:00:00+00:00,short,stop,0.9547,3,ETHUSDT,2023,V3-B (0.75R/1.5R/0.75R)
2023-08-06 09:00:00+00:00,2023-08-06 16:00:00+00:00,short,stop,-0.2847,7,ETHUSDT,2023,V3-B (0.75R/1.5R/0.75R)
2023-08-07 13:00:00+00:00,2023-08-07 16:00:00+00:00,short,stop,0.9853,3,ETHUSDT,2023,V3-B (0.75R/1.5R/0.75R)
2023-08-21 08:00:00+00:00,2023-08-21 11:00:00+00:00,short,stop,-0.1393,3,ETHUSDT,2023,V3-B (0.75R/1.5R/0.75R)
2023-08-24 14:00:00+00:00,2023-08-24 23:00:00+00:00,short,stop,-1.0743,9,ETHUSDT,2023,V3-B (0.75R/1.5R/0.75R)
2023-08-26 09:00:00+00:00,2023-08-27 05:00:00+00:00,short,timeout,-0.4408,20,ETHUSDT,2023,V3-B (0.75R/1.5R/0.75R)
2023-08-27 07:00:00+00:00,2023-08-27 14:00:00+00:00,short,stop,-1.2561,7,ETHUSDT,2023,V3-B (0.75R/1.5R/0.75R)
2023-08-29 08:00:00+00:00,2023-08-29 14:00:00+00:00,short,stop,-1.1612,6,ETHUSDT,2023,V3-B (0.75R/1.5R/0.75R)
2023-08-31 15:00:00+00:00,2023-08-31 17:00:00+00:00,short,stop,1.6204,2,ETHUSDT,2023,V3-B (0.75R/1.5R/0.75R)
2023-09-03 08:00:00+00:00,2023-09-03 12:00:00+00:00,short,stop,-1.2103,4,ETHUSDT,2023,V3-B (0.75R/1.5R/0.75R)
2023-09-06 07:00:00+00:00,2023-09-06 17:00:00+00:00,short,stop,-0.1749,10,ETHUSDT,2023,V3-B (0.75R/1.5R/0.75R)
2023-09-08 10:00:00+00:00,2023-09-09 06:00:00+00:00,short,timeout,-0.8571,20,ETHUSDT,2023,V3-B (0.75R/1.5R/0.75R)
2023-09-22 15:00:00+00:00,2023-09-23 11:00:00+00:00,short,timeout,-0.1386,20,ETHUSDT,2023,V3-B (0.75R/1.5R/0.75R)
2023-09-24 16:00:00+00:00,2023-09-24 17:00:00+00:00,short,stop,-1.3024,1,ETHUSDT,2023,V3-B (0.75R/1.5R/0.75R)
2023-09-26 15:00:00+00:00,2023-09-26 16:00:00+00:00,short,stop,-1.1445,1,ETHUSDT,2023,V3-B (0.75R/1.5R/0.75R)
2023-10-11 15:00:00+00:00,2023-10-12 10:00:00+00:00,short,stop,0.8265,19,ETHUSDT,2023,V3-B (0.75R/1.5R/0.75R)
2023-10-13 15:00:00+00:00,2023-10-13 20:00:00+00:00,short,stop,-1.1257,5,ETHUSDT,2023,V3-B (0.75R/1.5R/0.75R)
2023-10-18 16:00:00+00:00,2023-10-19 02:00:00+00:00,short,stop,1.5175,10,ETHUSDT,2023,V3-B (0.75R/1.5R/0.75R)
2023-10-25 14:00:00+00:00,2023-10-25 17:00:00+00:00,long,stop,-1.059,3,ETHUSDT,2023,V3-B (0.75R/1.5R/0.75R)
2023-10-29 09:00:00+00:00,2023-10-29 14:00:00+00:00,long,stop,-0.1341,5,ETHUSDT,2023,V3-B (0.75R/1.5R/0.75R)
2023-10-30 08:00:00+00:00,2023-10-30 17:00:00+00:00,long,stop,-1.0466,9,ETHUSDT,2023,V3-B (0.75R/1.5R/0.75R)
2023-11-03 16:00:00+00:00,2023-11-04 12:00:00+00:00,long,timeout,1.064,20,ETHUSDT,2023,V3-B (0.75R/1.5R/0.75R)
2023-11-08 13:00:00+00:00,2023-11-08 21:00:00+00:00,long,stop,-0.1117,8,ETHUSDT,2023,V3-B (0.75R/1.5R/0.75R)
2023-11-11 16:00:00+00:00,2023-11-11 20:00:00+00:00,long,stop,-1.0713,4,ETHUSDT,2023,V3-B (0.75R/1.5R/0.75R)
2023-11-13 10:00:00+00:00,2023-11-13 16:00:00+00:00,long,stop,1.5261,6,ETHUSDT,2023,V3-B (0.75R/1.5R/0.75R)
2023-11-15 14:00:00+00:00,2023-11-15 19:00:00+00:00,long,stop,0.8109,5,ETHUSDT,2023,V3-B (0.75R/1.5R/0.75R)
2023-11-18 16:00:00+00:00,2023-11-19 01:00:00+00:00,long,stop,-1.0897,9,ETHUSDT,2023,V3-B (0.75R/1.5R/0.75R)
2023-11-19 15:00:00+00:00,2023-11-20 00:00:00+00:00,long,stop,1.8721,9,ETHUSDT,2023,V3-B (0.75R/1.5R/0.75R)
2023-11-22 09:00:00+00:00,2023-11-22 17:00:00+00:00,long,stop,0.7241,8,ETHUSDT,2023,V3-B (0.75R/1.5R/0.75R)
2023-11-28 13:00:00+00:00,2023-11-28 18:00:00+00:00,long,stop,1.0991,5,ETHUSDT,2023,V3-B (0.75R/1.5R/0.75R)
2023-12-07 15:00:00+00:00,2023-12-08 11:00:00+00:00,long,timeout,0.7516,20,ETHUSDT,2023,V3-B (0.75R/1.5R/0.75R)
2023-12-13 15:00:00+00:00,2023-12-13 23:00:00+00:00,long,stop,1.4577,8,ETHUSDT,2023,V3-B (0.75R/1.5R/0.75R)
2023-12-16 15:00:00+00:00,2023-12-16 18:00:00+00:00,long,stop,-1.1047,3,ETHUSDT,2023,V3-B (0.75R/1.5R/0.75R)
2023-12-21 08:00:00+00:00,2023-12-21 13:00:00+00:00,long,stop,1.7118,5,ETHUSDT,2023,V3-B (0.75R/1.5R/0.75R)
2023-12-27 09:00:00+00:00,2023-12-27 12:00:00+00:00,long,stop,1.064,3,ETHUSDT,2023,V3-B (0.75R/1.5R/0.75R)
2022-01-09 07:00:00+00:00,2022-01-09 19:00:00+00:00,short,stop,-1.0264,12,SOLUSDT,2022,V3-A (1R/2R/1R)
2022-01-10 10:00:00+00:00,2022-01-10 15:00:00+00:00,short,stop,2.6505,5,SOLUSDT,2022,V3-A (1R/2R/1R)
2022-01-28 08:00:00+00:00,2022-01-29 00:00:00+00:00,short,stop,-1.0224,16,SOLUSDT,2022,V3-A (1R/2R/1R)
2022-01-30 16:00:00+00:00,2022-01-31 10:00:00+00:00,short,stop,1.483,18,SOLUSDT,2022,V3-A (1R/2R/1R)
2022-02-02 15:00:00+00:00,2022-02-02 18:00:00+00:00,short,stop,-1.0279,3,SOLUSDT,2022,V3-A (1R/2R/1R)
2022-02-06 15:00:00+00:00,2022-02-07 03:00:00+00:00,short,stop,-1.0368,12,SOLUSDT,2022,V3-A (1R/2R/1R)
2022-02-08 08:00:00+00:00,2022-02-08 23:00:00+00:00,short,stop,-0.028,15,SOLUSDT,2022,V3-A (1R/2R/1R)
2022-02-16 13:00:00+00:00,2022-02-16 19:00:00+00:00,short,stop,-1.0369,6,SOLUSDT,2022,V3-A (1R/2R/1R)
2022-02-26 16:00:00+00:00,2022-02-27 06:00:00+00:00,short,stop,0.9676,14,SOLUSDT,2022,V3-A (1R/2R/1R)
2022-03-08 16:00:00+00:00,2022-03-08 17:00:00+00:00,short,stop,-1.0335,1,SOLUSDT,2022,V3-A (1R/2R/1R)
2022-03-13 10:00:00+00:00,2022-03-13 15:00:00+00:00,short,stop,-0.0705,5,SOLUSDT,2022,V3-A (1R/2R/1R)
2022-03-21 16:00:00+00:00,2022-03-22 02:00:00+00:00,short,stop,-1.0429,10,SOLUSDT,2022,V3-A (1R/2R/1R)
2022-03-26 08:00:00+00:00,2022-03-27 04:00:00+00:00,long,stop,-0.0434,20,SOLUSDT,2022,V3-A (1R/2R/1R)
2022-04-01 07:00:00+00:00,2022-04-01 23:00:00+00:00,long,stop,1.5767,16,SOLUSDT,2022,V3-A (1R/2R/1R)
2022-04-05 08:00:00+00:00,2022-04-05 13:00:00+00:00,long,stop,-0.0388,5,SOLUSDT,2022,V3-A (1R/2R/1R)
2022-04-10 15:00:00+00:00,2022-04-10 22:00:00+00:00,long,stop,-0.0496,7,SOLUSDT,2022,V3-A (1R/2R/1R)
2022-04-13 10:00:00+00:00,2022-04-13 14:00:00+00:00,short,stop,-1.0368,4,SOLUSDT,2022,V3-A (1R/2R/1R)
2022-04-14 13:00:00+00:00,2022-04-15 09:00:00+00:00,short,timeout,0.5494,20,SOLUSDT,2022,V3-A (1R/2R/1R)
2022-04-21 10:00:00+00:00,2022-04-21 17:00:00+00:00,long,stop,-1.0424,7,SOLUSDT,2022,V3-A (1R/2R/1R)
2022-04-26 14:00:00+00:00,2022-04-26 21:00:00+00:00,short,stop,-0.0502,7,SOLUSDT,2022,V3-A (1R/2R/1R)
2022-04-28 14:00:00+00:00,2022-04-28 15:00:00+00:00,short,stop,-1.048,1,SOLUSDT,2022,V3-A (1R/2R/1R)
2022-05-02 09:00:00+00:00,2022-05-02 21:00:00+00:00,short,stop,-0.0381,12,SOLUSDT,2022,V3-A (1R/2R/1R)
2022-05-03 13:00:00+00:00,2022-05-04 07:00:00+00:00,short,stop,-0.0473,18,SOLUSDT,2022,V3-A (1R/2R/1R)
2022-05-05 14:00:00+00:00,2022-05-05 19:00:00+00:00,short,stop,1.9434,5,SOLUSDT,2022,V3-A (1R/2R/1R)
2022-05-14 10:00:00+00:00,2022-05-14 21:00:00+00:00,short,stop,-1.0137,11,SOLUSDT,2022,V3-A (1R/2R/1R)
2022-05-20 14:00:00+00:00,2022-05-20 20:00:00+00:00,short,stop,-0.022,6,SOLUSDT,2022,V3-A (1R/2R/1R)
2022-05-31 13:00:00+00:00,2022-05-31 15:00:00+00:00,short,stop,-1.0284,2,SOLUSDT,2022,V3-A (1R/2R/1R)
2022-06-03 07:00:00+00:00,2022-06-03 21:00:00+00:00,short,stop,1.5915,14,SOLUSDT,2022,V3-A (1R/2R/1R)
2022-06-10 09:00:00+00:00,2022-06-10 21:00:00+00:00,short,stop,1.0141,12,SOLUSDT,2022,V3-A (1R/2R/1R)
2022-06-16 13:00:00+00:00,2022-06-16 16:00:00+00:00,short,stop,-1.0143,3,SOLUSDT,2022,V3-A (1R/2R/1R)
2022-06-25 15:00:00+00:00,2022-06-25 21:00:00+00:00,short,stop,-1.0268,6,SOLUSDT,2022,V3-A (1R/2R/1R)
2022-06-26 14:00:00+00:00,2022-06-26 20:00:00+00:00,short,stop,-0.0296,6,SOLUSDT,2022,V3-A (1R/2R/1R)
2022-06-28 15:00:00+00:00,2022-06-29 09:00:00+00:00,short,stop,1.0051,18,SOLUSDT,2022,V3-A (1R/2R/1R)
2022-07-01 10:00:00+00:00,2022-07-01 18:00:00+00:00,short,stop,-1.0216,8,SOLUSDT,2022,V3-A (1R/2R/1R)
2022-07-08 08:00:00+00:00,2022-07-08 15:00:00+00:00,short,stop,-1.0339,7,SOLUSDT,2022,V3-A (1R/2R/1R)
2022-07-14 13:00:00+00:00,2022-07-14 15:00:00+00:00,short,stop,-1.0398,2,SOLUSDT,2022,V3-A (1R/2R/1R)
2022-07-16 15:00:00+00:00,2022-07-16 18:00:00+00:00,long,stop,2.2204,3,SOLUSDT,2022,V3-A (1R/2R/1R)
2022-07-30 08:00:00+00:00,2022-07-30 14:00:00+00:00,long,stop,1.052,6,SOLUSDT,2022,V3-A (1R/2R/1R)
2022-07-31 09:00:00+00:00,2022-07-31 18:00:00+00:00,long,stop,-1.0322,9,SOLUSDT,2022,V3-A (1R/2R/1R)
2022-08-02 16:00:00+00:00,2022-08-02 19:00:00+00:00,long,stop,-1.0351,3,SOLUSDT,2022,V3-A (1R/2R/1R)
2022-08-07 13:00:00+00:00,2022-08-07 22:00:00+00:00,long,stop,1.1503,9,SOLUSDT,2022,V3-A (1R/2R/1R)
2022-08-22 07:00:00+00:00,2022-08-22 16:00:00+00:00,short,stop,-0.0375,9,SOLUSDT,2022,V3-A (1R/2R/1R)
2022-08-30 15:00:00+00:00,2022-08-30 19:00:00+00:00,short,stop,-1.0403,4,SOLUSDT,2022,V3-A (1R/2R/1R)
2022-09-05 10:00:00+00:00,2022-09-05 14:00:00+00:00,short,stop,-1.0561,4,SOLUSDT,2022,V3-A (1R/2R/1R)
2022-09-10 08:00:00+00:00,2022-09-10 22:00:00+00:00,short,stop,-1.0437,14,SOLUSDT,2022,V3-A (1R/2R/1R)
2022-09-15 14:00:00+00:00,2022-09-16 10:00:00+00:00,short,timeout,0.1266,20,SOLUSDT,2022,V3-A (1R/2R/1R)
2022-09-18 14:00:00+00:00,2022-09-18 22:00:00+00:00,short,stop,3.26,8,SOLUSDT,2022,V3-A (1R/2R/1R)
2022-09-21 15:00:00+00:00,2022-09-21 17:00:00+00:00,short,stop,-1.0477,2,SOLUSDT,2022,V3-A (1R/2R/1R)
2022-09-25 13:00:00+00:00,2022-09-25 23:00:00+00:00,short,stop,1.5236,10,SOLUSDT,2022,V3-A (1R/2R/1R)
2022-10-10 08:00:00+00:00,2022-10-11 01:00:00+00:00,short,stop,2.8703,17,SOLUSDT,2022,V3-A (1R/2R/1R)
2022-10-18 13:00:00+00:00,2022-10-19 09:00:00+00:00,short,timeout,0.8846,20,SOLUSDT,2022,V3-A (1R/2R/1R)
2022-10-23 15:00:00+00:00,2022-10-23 17:00:00+00:00,short,stop,-1.0713,2,SOLUSDT,2022,V3-A (1R/2R/1R)
2022-10-24 16:00:00+00:00,2022-10-25 12:00:00+00:00,short,timeout,-0.0971,20,SOLUSDT,2022,V3-A (1R/2R/1R)
2022-10-28 16:00:00+00:00,2022-10-29 10:00:00+00:00,long,stop,1.4892,18,SOLUSDT,2022,V3-A (1R/2R/1R)
2022-11-01 09:00:00+00:00,2022-11-01 14:00:00+00:00,long,stop,-1.0516,5,SOLUSDT,2022,V3-A (1R/2R/1R)
2022-11-16 08:00:00+00:00,2022-11-16 21:00:00+00:00,short,stop,-0.0271,13,SOLUSDT,2022,V3-A (1R/2R/1R)
2022-11-17 09:00:00+00:00,2022-11-17 14:00:00+00:00,short,stop,2.9128,5,SOLUSDT,2022,V3-A (1R/2R/1R)
2022-11-20 10:00:00+00:00,2022-11-20 13:00:00+00:00,short,stop,-1.0398,3,SOLUSDT,2022,V3-A (1R/2R/1R)
2022-11-27 10:00:00+00:00,2022-11-28 03:00:00+00:00,short,stop,5.3041,17,SOLUSDT,2022,V3-A (1R/2R/1R)
2022-11-29 16:00:00+00:00,2022-11-30 00:00:00+00:00,short,stop,-1.0411,8,SOLUSDT,2022,V3-A (1R/2R/1R)
2022-11-30 16:00:00+00:00,2022-11-30 18:00:00+00:00,short,stop,-0.049,2,SOLUSDT,2022,V3-A (1R/2R/1R)
2022-12-01 15:00:00+00:00,2022-12-02 11:00:00+00:00,short,stop,-0.0439,20,SOLUSDT,2022,V3-A (1R/2R/1R)
2022-12-03 07:00:00+00:00,2022-12-04 00:00:00+00:00,short,stop,0.9552,17,SOLUSDT,2022,V3-A (1R/2R/1R)
2022-12-15 10:00:00+00:00,2022-12-16 06:00:00+00:00,short,timeout,0.1995,20,SOLUSDT,2022,V3-A (1R/2R/1R)
2022-12-18 09:00:00+00:00,2022-12-18 18:00:00+00:00,short,stop,-1.0577,9,SOLUSDT,2022,V3-A (1R/2R/1R)
2022-12-22 13:00:00+00:00,2022-12-22 16:00:00+00:00,short,stop,1.1128,3,SOLUSDT,2022,V3-A (1R/2R/1R)
2022-12-30 07:00:00+00:00,2022-12-30 12:00:00+00:00,short,stop,-1.0124,5,SOLUSDT,2022,V3-A (1R/2R/1R)
2022-01-09 07:00:00+00:00,2022-01-09 19:00:00+00:00,short,stop,-1.0264,12,SOLUSDT,2022,V3-B (0.75R/1.5R/0.75R)
2022-01-10 10:00:00+00:00,2022-01-10 15:00:00+00:00,short,stop,2.9005,5,SOLUSDT,2022,V3-B (0.75R/1.5R/0.75R)
2022-01-28 08:00:00+00:00,2022-01-28 14:00:00+00:00,short,stop,-0.0224,6,SOLUSDT,2022,V3-B (0.75R/1.5R/0.75R)
2022-01-30 16:00:00+00:00,2022-01-30 22:00:00+00:00,short,stop,0.7296,6,SOLUSDT,2022,V3-B (0.75R/1.5R/0.75R)
2022-02-02 15:00:00+00:00,2022-02-02 18:00:00+00:00,short,stop,-1.0279,3,SOLUSDT,2022,V3-B (0.75R/1.5R/0.75R)
2022-02-06 15:00:00+00:00,2022-02-07 03:00:00+00:00,short,stop,-1.0368,12,SOLUSDT,2022,V3-B (0.75R/1.5R/0.75R)
2022-02-08 08:00:00+00:00,2022-02-08 23:00:00+00:00,short,stop,-0.028,15,SOLUSDT,2022,V3-B (0.75R/1.5R/0.75R)
2022-02-16 13:00:00+00:00,2022-02-16 19:00:00+00:00,short,stop,-1.0369,6,SOLUSDT,2022,V3-B (0.75R/1.5R/0.75R)
2022-02-26 16:00:00+00:00,2022-02-27 05:00:00+00:00,short,stop,1.2176,13,SOLUSDT,2022,V3-B (0.75R/1.5R/0.75R)
2022-03-08 16:00:00+00:00,2022-03-08 17:00:00+00:00,short,stop,-1.0335,1,SOLUSDT,2022,V3-B (0.75R/1.5R/0.75R)
2022-03-13 10:00:00+00:00,2022-03-13 15:00:00+00:00,short,stop,-0.0705,5,SOLUSDT,2022,V3-B (0.75R/1.5R/0.75R)
2022-03-21 16:00:00+00:00,2022-03-22 02:00:00+00:00,short,stop,-1.0429,10,SOLUSDT,2022,V3-B (0.75R/1.5R/0.75R)
2022-03-26 08:00:00+00:00,2022-03-27 04:00:00+00:00,long,stop,-0.0434,20,SOLUSDT,2022,V3-B (0.75R/1.5R/0.75R)
2022-04-01 07:00:00+00:00,2022-04-01 23:00:00+00:00,long,stop,1.8267,16,SOLUSDT,2022,V3-B (0.75R/1.5R/0.75R)
2022-04-05 08:00:00+00:00,2022-04-05 13:00:00+00:00,long,stop,-0.0388,5,SOLUSDT,2022,V3-B (0.75R/1.5R/0.75R)
2022-04-10 15:00:00+00:00,2022-04-10 19:00:00+00:00,long,stop,0.9994,4,SOLUSDT,2022,V3-B (0.75R/1.5R/0.75R)
2022-04-13 10:00:00+00:00,2022-04-13 14:00:00+00:00,short,stop,-0.0368,4,SOLUSDT,2022,V3-B (0.75R/1.5R/0.75R)
2022-04-14 13:00:00+00:00,2022-04-14 21:00:00+00:00,short,stop,0.749,8,SOLUSDT,2022,V3-B (0.75R/1.5R/0.75R)
2022-04-21 10:00:00+00:00,2022-04-21 14:00:00+00:00,long,stop,-0.0424,4,SOLUSDT,2022,V3-B (0.75R/1.5R/0.75R)
2022-04-26 14:00:00+00:00,2022-04-26 17:00:00+00:00,short,stop,-0.0502,3,SOLUSDT,2022,V3-B (0.75R/1.5R/0.75R)
2022-04-28 14:00:00+00:00,2022-04-28 15:00:00+00:00,short,stop,-1.048,1,SOLUSDT,2022,V3-B (0.75R/1.5R/0.75R)
2022-05-02 09:00:00+00:00,2022-05-02 13:00:00+00:00,short,stop,-0.0381,4,SOLUSDT,2022,V3-B (0.75R/1.5R/0.75R)
2022-05-03 13:00:00+00:00,2022-05-03 21:00:00+00:00,short,stop,0.9144,8,SOLUSDT,2022,V3-B (0.75R/1.5R/0.75R)
2022-05-05 14:00:00+00:00,2022-05-05 16:00:00+00:00,short,stop,0.8469,2,SOLUSDT,2022,V3-B (0.75R/1.5R/0.75R)
2022-05-14 10:00:00+00:00,2022-05-14 16:00:00+00:00,short,stop,-0.0137,6,SOLUSDT,2022,V3-B (0.75R/1.5R/0.75R)
2022-05-20 14:00:00+00:00,2022-05-20 20:00:00+00:00,short,stop,-0.022,6,SOLUSDT,2022,V3-B (0.75R/1.5R/0.75R)
2022-05-31 13:00:00+00:00,2022-05-31 15:00:00+00:00,short,stop,-1.0284,2,SOLUSDT,2022,V3-B (0.75R/1.5R/0.75R)
2022-06-03 07:00:00+00:00,2022-06-03 12:00:00+00:00,short,stop,1.499,5,SOLUSDT,2022,V3-B (0.75R/1.5R/0.75R)
2022-06-10 09:00:00+00:00,2022-06-10 14:00:00+00:00,short,stop,0.7169,5,SOLUSDT,2022,V3-B (0.75R/1.5R/0.75R)
2022-06-16 13:00:00+00:00,2022-06-16 16:00:00+00:00,short,stop,-1.0143,3,SOLUSDT,2022,V3-B (0.75R/1.5R/0.75R)
2022-06-25 15:00:00+00:00,2022-06-25 21:00:00+00:00,short,stop,-1.0268,6,SOLUSDT,2022,V3-B (0.75R/1.5R/0.75R)
2022-06-26 14:00:00+00:00,2022-06-26 20:00:00+00:00,short,stop,-0.0296,6,SOLUSDT,2022,V3-B (0.75R/1.5R/0.75R)
2022-06-28 15:00:00+00:00,2022-06-29 01:00:00+00:00,short,stop,0.7936,10,SOLUSDT,2022,V3-B (0.75R/1.5R/0.75R)
2022-07-01 10:00:00+00:00,2022-07-01 18:00:00+00:00,short,stop,-1.0216,8,SOLUSDT,2022,V3-B (0.75R/1.5R/0.75R)
2022-07-08 08:00:00+00:00,2022-07-08 15:00:00+00:00,short,stop,-1.0339,7,SOLUSDT,2022,V3-B (0.75R/1.5R/0.75R)
2022-07-14 13:00:00+00:00,2022-07-14 15:00:00+00:00,short,stop,-1.0398,2,SOLUSDT,2022,V3-B (0.75R/1.5R/0.75R)
2022-07-16 15:00:00+00:00,2022-07-16 17:00:00+00:00,long,stop,2.0246,2,SOLUSDT,2022,V3-B (0.75R/1.5R/0.75R)
2022-07-30 08:00:00+00:00,2022-07-30 14:00:00+00:00,long,stop,1.302,6,SOLUSDT,2022,V3-B (0.75R/1.5R/0.75R)
2022-07-31 09:00:00+00:00,2022-07-31 18:00:00+00:00,long,stop,-1.0322,9,SOLUSDT,2022,V3-B (0.75R/1.5R/0.75R)
2022-08-02 16:00:00+00:00,2022-08-02 19:00:00+00:00,long,stop,-1.0351,3,SOLUSDT,2022,V3-B (0.75R/1.5R/0.75R)
2022-08-07 13:00:00+00:00,2022-08-07 22:00:00+00:00,long,stop,1.4003,9,SOLUSDT,2022,V3-B (0.75R/1.5R/0.75R)
2022-08-22 07:00:00+00:00,2022-08-22 16:00:00+00:00,short,stop,-0.0375,9,SOLUSDT,2022,V3-B (0.75R/1.5R/0.75R)
2022-08-30 15:00:00+00:00,2022-08-30 18:00:00+00:00,short,stop,-0.0403,3,SOLUSDT,2022,V3-B (0.75R/1.5R/0.75R)
2022-09-05 10:00:00+00:00,2022-09-05 14:00:00+00:00,short,stop,-1.0561,4,SOLUSDT,2022,V3-B (0.75R/1.5R/0.75R)
2022-09-10 08:00:00+00:00,2022-09-10 22:00:00+00:00,short,stop,-1.0437,14,SOLUSDT,2022,V3-B (0.75R/1.5R/0.75R)
2022-09-15 14:00:00+00:00,2022-09-16 10:00:00+00:00,short,timeout,0.1266,20,SOLUSDT,2022,V3-B (0.75R/1.5R/0.75R)
2022-09-18 14:00:00+00:00,2022-09-18 19:00:00+00:00,short,stop,1.0368,5,SOLUSDT,2022,V3-B (0.75R/1.5R/0.75R)
2022-09-21 15:00:00+00:00,2022-09-21 17:00:00+00:00,short,stop,-1.0477,2,SOLUSDT,2022,V3-B (0.75R/1.5R/0.75R)
2022-09-25 13:00:00+00:00,2022-09-25 15:00:00+00:00,short,stop,-0.0543,2,SOLUSDT,2022,V3-B (0.75R/1.5R/0.75R)
2022-10-10 08:00:00+00:00,2022-10-10 17:00:00+00:00,short,stop,-0.077,9,SOLUSDT,2022,V3-B (0.75R/1.5R/0.75R)
2022-10-18 13:00:00+00:00,2022-10-18 19:00:00+00:00,short,stop,1.1522,6,SOLUSDT,2022,V3-B (0.75R/1.5R/0.75R)
2022-10-23 15:00:00+00:00,2022-10-23 17:00:00+00:00,short,stop,-1.0713,2,SOLUSDT,2022,V3-B (0.75R/1.5R/0.75R)
2022-10-24 16:00:00+00:00,2022-10-25 12:00:00+00:00,short,timeout,-0.0971,20,SOLUSDT,2022,V3-B (0.75R/1.5R/0.75R)
2022-10-28 16:00:00+00:00,2022-10-29 10:00:00+00:00,long,stop,1.7392,18,SOLUSDT,2022,V3-B (0.75R/1.5R/0.75R)
2022-11-01 09:00:00+00:00,2022-11-01 11:00:00+00:00,long,stop,-0.0516,2,SOLUSDT,2022,V3-B (0.75R/1.5R/0.75R)
2022-11-16 08:00:00+00:00,2022-11-16 21:00:00+00:00,short,stop,-0.0271,13,SOLUSDT,2022,V3-B (0.75R/1.5R/0.75R)
2022-11-17 09:00:00+00:00,2022-11-17 14:00:00+00:00,short,stop,3.1628,5,SOLUSDT,2022,V3-B (0.75R/1.5R/0.75R)
2022-11-20 10:00:00+00:00,2022-11-20 13:00:00+00:00,short,stop,-0.0398,3,SOLUSDT,2022,V3-B (0.75R/1.5R/0.75R)
2022-11-27 10:00:00+00:00,2022-11-28 02:00:00+00:00,short,stop,5.045,16,SOLUSDT,2022,V3-B (0.75R/1.5R/0.75R)
2022-11-29 16:00:00+00:00,2022-11-30 00:00:00+00:00,short,stop,-1.0411,8,SOLUSDT,2022,V3-B (0.75R/1.5R/0.75R)
2022-11-30 16:00:00+00:00,2022-11-30 18:00:00+00:00,short,stop,-0.049,2,SOLUSDT,2022,V3-B (0.75R/1.5R/0.75R)
2022-12-01 15:00:00+00:00,2022-12-02 00:00:00+00:00,short,stop,-0.0439,9,SOLUSDT,2022,V3-B (0.75R/1.5R/0.75R)
2022-12-03 07:00:00+00:00,2022-12-04 00:00:00+00:00,short,stop,1.2052,17,SOLUSDT,2022,V3-B (0.75R/1.5R/0.75R)
2022-12-15 10:00:00+00:00,2022-12-16 06:00:00+00:00,short,timeout,0.1995,20,SOLUSDT,2022,V3-B (0.75R/1.5R/0.75R)
2022-12-18 09:00:00+00:00,2022-12-18 18:00:00+00:00,short,stop,-1.0577,9,SOLUSDT,2022,V3-B (0.75R/1.5R/0.75R)
2022-12-22 13:00:00+00:00,2022-12-22 16:00:00+00:00,short,stop,1.3628,3,SOLUSDT,2022,V3-B (0.75R/1.5R/0.75R)
2022-12-30 07:00:00+00:00,2022-12-30 12:00:00+00:00,short,stop,-1.0124,5,SOLUSDT,2022,V3-B (0.75R/1.5R/0.75R)
2023-01-10 15:00:00+00:00,2023-01-11 11:00:00+00:00,long,timeout,-0.4098,20,SOLUSDT,2023,V3-A (1R/2R/1R)
2023-01-20 14:00:00+00:00,2023-01-20 21:00:00+00:00,long,stop,5.334,7,SOLUSDT,2023,V3-A (1R/2R/1R)
2023-01-29 09:00:00+00:00,2023-01-29 18:00:00+00:00,long,stop,4.4428,9,SOLUSDT,2023,V3-A (1R/2R/1R)
2023-02-03 15:00:00+00:00,2023-02-03 20:00:00+00:00,long,stop,-1.0367,5,SOLUSDT,2023,V3-A (1R/2R/1R)
2023-02-07 10:00:00+00:00,2023-02-07 15:00:00+00:00,long,stop,-1.0577,5,SOLUSDT,2023,V3-A (1R/2R/1R)
2023-02-27 14:00:00+00:00,2023-02-27 15:00:00+00:00,long,stop,-1.0567,1,SOLUSDT,2023,V3-A (1R/2R/1R)
2023-03-11 09:00:00+00:00,2023-03-12 05:00:00+00:00,short,timeout,-0.5041,20,SOLUSDT,2023,V3-A (1R/2R/1R)
2023-03-19 15:00:00+00:00,2023-03-20 03:00:00+00:00,long,stop,-0.0372,12,SOLUSDT,2023,V3-A (1R/2R/1R)
2023-03-21 13:00:00+00:00,2023-03-21 18:00:00+00:00,long,stop,-1.027,5,SOLUSDT,2023,V3-A (1R/2R/1R)
2023-03-22 14:00:00+00:00,2023-03-22 18:00:00+00:00,long,stop,-1.0387,4,SOLUSDT,2023,V3-A (1R/2R/1R)
2023-03-23 15:00:00+00:00,2023-03-23 18:00:00+00:00,long,stop,-1.0358,3,SOLUSDT,2023,V3-A (1R/2R/1R)
2023-03-30 08:00:00+00:00,2023-03-30 20:00:00+00:00,short,stop,-0.0397,12,SOLUSDT,2023,V3-A (1R/2R/1R)
2023-04-02 13:00:00+00:00,2023-04-02 20:00:00+00:00,short,stop,1.4546,7,SOLUSDT,2023,V3-A (1R/2R/1R)
2023-04-08 15:00:00+00:00,2023-04-08 20:00:00+00:00,short,stop,1.2157,5,SOLUSDT,2023,V3-A (1R/2R/1R)
2023-04-10 14:00:00+00:00,2023-04-10 16:00:00+00:00,short,stop,-1.1064,2,SOLUSDT,2023,V3-A (1R/2R/1R)
2023-04-16 16:00:00+00:00,2023-04-16 20:00:00+00:00,long,stop,-0.0694,4,SOLUSDT,2023,V3-A (1R/2R/1R)
2023-04-18 08:00:00+00:00,2023-04-18 14:00:00+00:00,long,stop,-0.0487,6,SOLUSDT,2023,V3-A (1R/2R/1R)
2023-04-23 16:00:00+00:00,2023-04-23 22:00:00+00:00,short,stop,-0.0557,6,SOLUSDT,2023,V3-A (1R/2R/1R)
2023-04-24 15:00:00+00:00,2023-04-25 11:00:00+00:00,short,timeout,0.7719,20,SOLUSDT,2023,V3-A (1R/2R/1R)
2023-05-04 15:00:00+00:00,2023-05-05 02:00:00+00:00,short,stop,-1.0647,11,SOLUSDT,2023,V3-A (1R/2R/1R)
2023-05-25 15:00:00+00:00,2023-05-26 11:00:00+00:00,short,timeout,-0.3202,20,SOLUSDT,2023,V3-A (1R/2R/1R)
2023-05-29 15:00:00+00:00,2023-05-30 01:00:00+00:00,short,stop,-1.0792,10,SOLUSDT,2023,V3-A (1R/2R/1R)
2023-06-09 16:00:00+00:00,2023-06-09 20:00:00+00:00,short,stop,2.6581,4,SOLUSDT,2023,V3-A (1R/2R/1R)
2023-06-13 15:00:00+00:00,2023-06-14 02:00:00+00:00,short,stop,-1.0295,11,SOLUSDT,2023,V3-A (1R/2R/1R)
2023-06-14 15:00:00+00:00,2023-06-14 17:00:00+00:00,short,stop,-1.0502,2,SOLUSDT,2023,V3-A (1R/2R/1R)
2023-06-22 14:00:00+00:00,2023-06-23 10:00:00+00:00,short,timeout,0.3702,20,SOLUSDT,2023,V3-A (1R/2R/1R)
2023-06-24 15:00:00+00:00,2023-06-25 06:00:00+00:00,short,stop,-1.0265,15,SOLUSDT,2023,V3-A (1R/2R/1R)
2023-06-26 14:00:00+00:00,2023-06-26 17:00:00+00:00,short,stop,1.3833,3,SOLUSDT,2023,V3-A (1R/2R/1R)
2023-07-04 13:00:00+00:00,2023-07-04 17:00:00+00:00,long,stop,-0.0632,4,SOLUSDT,2023,V3-A (1R/2R/1R)
2023-07-16 09:00:00+00:00,2023-07-16 23:00:00+00:00,long,stop,-1.0315,14,SOLUSDT,2023,V3-A (1R/2R/1R)
2023-07-22 15:00:00+00:00,2023-07-22 18:00:00+00:00,long,stop,-1.0655,3,SOLUSDT,2023,V3-A (1R/2R/1R)
2023-07-28 16:00:00+00:00,2023-07-28 17:00:00+00:00,long,stop,-1.0556,1,SOLUSDT,2023,V3-A (1R/2R/1R)
2023-08-11 14:00:00+00:00,2023-08-11 15:00:00+00:00,long,stop,-1.0802,1,SOLUSDT,2023,V3-A (1R/2R/1R)
2023-08-12 14:00:00+00:00,2023-08-12 23:00:00+00:00,long,stop,2.4626,9,SOLUSDT,2023,V3-A (1R/2R/1R)
2023-08-14 14:00:00+00:00,2023-08-14 17:00:00+00:00,long,stop,1.8394,3,SOLUSDT,2023,V3-A (1R/2R/1R)
2023-08-20 16:00:00+00:00,2023-08-20 20:00:00+00:00,short,stop,-1.0742,4,SOLUSDT,2023,V3-A (1R/2R/1R)
2023-08-24 15:00:00+00:00,2023-08-24 19:00:00+00:00,short,stop,-0.0524,4,SOLUSDT,2023,V3-A (1R/2R/1R)
2023-08-30 14:00:00+00:00,2023-08-31 10:00:00+00:00,short,timeout,0.3023,20,SOLUSDT,2023,V3-A (1R/2R/1R)
2023-09-02 13:00:00+00:00,2023-09-02 15:00:00+00:00,short,stop,-1.0771,2,SOLUSDT,2023,V3-A (1R/2R/1R)
2023-09-03 09:00:00+00:00,2023-09-03 20:00:00+00:00,short,stop,-1.0875,11,SOLUSDT,2023,V3-A (1R/2R/1R)
2023-09-04 14:00:00+00:00,2023-09-04 17:00:00+00:00,short,stop,-0.0709,3,SOLUSDT,2023,V3-A (1R/2R/1R)
2023-09-06 07:00:00+00:00,2023-09-06 17:00:00+00:00,short,stop,-0.0537,10,SOLUSDT,2023,V3-A (1R/2R/1R)
2023-09-08 10:00:00+00:00,2023-09-09 06:00:00+00:00,short,timeout,-0.0022,20,SOLUSDT,2023,V3-A (1R/2R/1R)
2023-09-15 14:00:00+00:00,2023-09-15 22:00:00+00:00,short,stop,-1.0576,8,SOLUSDT,2023,V3-A (1R/2R/1R)
2023-09-16 15:00:00+00:00,2023-09-17 11:00:00+00:00,short,timeout,-0.3,20,SOLUSDT,2023,V3-A (1R/2R/1R)
2023-09-17 13:00:00+00:00,2023-09-17 21:00:00+00:00,short,stop,0.9439,8,SOLUSDT,2023,V3-A (1R/2R/1R)
2023-09-27 14:00:00+00:00,2023-09-28 00:00:00+00:00,short,stop,-1.0387,10,SOLUSDT,2023,V3-A (1R/2R/1R)
2023-10-05 13:00:00+00:00,2023-10-05 15:00:00+00:00,long,stop,-1.0476,2,SOLUSDT,2023,V3-A (1R/2R/1R)
2023-10-06 15:00:00+00:00,2023-10-07 06:00:00+00:00,long,stop,-0.0447,15,SOLUSDT,2023,V3-A (1R/2R/1R)
2023-10-08 09:00:00+00:00,2023-10-08 10:00:00+00:00,long,stop,-1.0698,1,SOLUSDT,2023,V3-A (1R/2R/1R)
2023-10-08 16:00:00+00:00,2023-10-09 00:00:00+00:00,long,stop,-1.0678,8,SOLUSDT,2023,V3-A (1R/2R/1R)
2023-10-11 09:00:00+00:00,2023-10-11 15:00:00+00:00,long,stop,-1.0586,6,SOLUSDT,2023,V3-A (1R/2R/1R)
2023-10-19 09:00:00+00:00,2023-10-19 17:00:00+00:00,long,stop,4.9024,8,SOLUSDT,2023,V3-A (1R/2R/1R)
2023-10-29 07:00:00+00:00,2023-10-30 03:00:00+00:00,long,timeout,0.7758,20,SOLUSDT,2023,V3-A (1R/2R/1R)
2023-11-14 14:00:00+00:00,2023-11-14 15:00:00+00:00,long,stop,-1.02,1,SOLUSDT,2023,V3-A (1R/2R/1R)
2023-11-20 09:00:00+00:00,2023-11-20 14:00:00+00:00,long,stop,-1.0374,5,SOLUSDT,2023,V3-A (1R/2R/1R)
2023-11-22 13:00:00+00:00,2023-11-22 23:00:00+00:00,long,stop,1.2708,10,SOLUSDT,2023,V3-A (1R/2R/1R)
2023-11-28 10:00:00+00:00,2023-11-29 06:00:00+00:00,long,timeout,3.1575,20,SOLUSDT,2023,V3-A (1R/2R/1R)
2023-12-07 09:00:00+00:00,2023-12-07 18:00:00+00:00,long,stop,1.5848,9,SOLUSDT,2023,V3-A (1R/2R/1R)
2023-12-27 10:00:00+00:00,2023-12-27 14:00:00+00:00,long,stop,-1.0242,4,SOLUSDT,2023,V3-A (1R/2R/1R)
2023-01-10 15:00:00+00:00,2023-01-10 22:00:00+00:00,long,stop,-0.027,7,SOLUSDT,2023,V3-B (0.75R/1.5R/0.75R)
2023-01-20 14:00:00+00:00,2023-01-20 21:00:00+00:00,long,stop,5.584,7,SOLUSDT,2023,V3-B (0.75R/1.5R/0.75R)
2023-01-29 09:00:00+00:00,2023-01-29 18:00:00+00:00,long,stop,4.6928,9,SOLUSDT,2023,V3-B (0.75R/1.5R/0.75R)
2023-02-03 15:00:00+00:00,2023-02-03 20:00:00+00:00,long,stop,-1.0367,5,SOLUSDT,2023,V3-B (0.75R/1.5R/0.75R)
2023-02-07 10:00:00+00:00,2023-02-07 15:00:00+00:00,long,stop,-1.0577,5,SOLUSDT,2023,V3-B (0.75R/1.5R/0.75R)
2023-02-27 14:00:00+00:00,2023-02-27 15:00:00+00:00,long,stop,-1.0567,1,SOLUSDT,2023,V3-B (0.75R/1.5R/0.75R)
2023-03-11 09:00:00+00:00,2023-03-11 17:00:00+00:00,short,stop,-0.0221,8,SOLUSDT,2023,V3-B (0.75R/1.5R/0.75R)
2023-03-19 15:00:00+00:00,2023-03-19 20:00:00+00:00,long,stop,-0.0372,5,SOLUSDT,2023,V3-B (0.75R/1.5R/0.75R)
2023-03-21 13:00:00+00:00,2023-03-21 18:00:00+00:00,long,stop,-1.027,5,SOLUSDT,2023,V3-B (0.75R/1.5R/0.75R)
2023-03-22 14:00:00+00:00,2023-03-22 18:00:00+00:00,long,stop,-1.0387,4,SOLUSDT,2023,V3-B (0.75R/1.5R/0.75R)
2023-03-23 15:00:00+00:00,2023-03-23 18:00:00+00:00,long,stop,-1.0358,3,SOLUSDT,2023,V3-B (0.75R/1.5R/0.75R)
2023-03-30 08:00:00+00:00,2023-03-30 20:00:00+00:00,short,stop,-0.0397,12,SOLUSDT,2023,V3-B (0.75R/1.5R/0.75R)
2023-04-02 13:00:00+00:00,2023-04-02 17:00:00+00:00,short,stop,0.9103,4,SOLUSDT,2023,V3-B (0.75R/1.5R/0.75R)
2023-04-08 15:00:00+00:00,2023-04-08 19:00:00+00:00,short,stop,1.4657,4,SOLUSDT,2023,V3-B (0.75R/1.5R/0.75R)
2023-04-10 14:00:00+00:00,2023-04-10 16:00:00+00:00,short,stop,-1.1064,2,SOLUSDT,2023,V3-B (0.75R/1.5R/0.75R)
2023-04-16 16:00:00+00:00,2023-04-16 20:00:00+00:00,long,stop,0.7835,4,SOLUSDT,2023,V3-B (0.75R/1.5R/0.75R)
2023-04-18 08:00:00+00:00,2023-04-18 14:00:00+00:00,long,stop,-0.0487,6,SOLUSDT,2023,V3-B (0.75R/1.5R/0.75R)
2023-04-23 16:00:00+00:00,2023-04-23 19:00:00+00:00,short,stop,0.9094,3,SOLUSDT,2023,V3-B (0.75R/1.5R/0.75R)
2023-04-24 15:00:00+00:00,2023-04-24 18:00:00+00:00,short,stop,-0.0455,3,SOLUSDT,2023,V3-B (0.75R/1.5R/0.75R)
2023-05-04 15:00:00+00:00,2023-05-05 02:00:00+00:00,short,stop,-1.0647,11,SOLUSDT,2023,V3-B (0.75R/1.5R/0.75R)
2023-05-25 15:00:00+00:00,2023-05-26 11:00:00+00:00,short,timeout,-0.3202,20,SOLUSDT,2023,V3-B (0.75R/1.5R/0.75R)
2023-05-29 15:00:00+00:00,2023-05-29 17:00:00+00:00,short,stop,-0.0792,2,SOLUSDT,2023,V3-B (0.75R/1.5R/0.75R)
2023-06-09 16:00:00+00:00,2023-06-09 20:00:00+00:00,short,stop,2.9081,4,SOLUSDT,2023,V3-B (0.75R/1.5R/0.75R)
2023-06-13 15:00:00+00:00,2023-06-14 02:00:00+00:00,short,stop,-1.0295,11,SOLUSDT,2023,V3-B (0.75R/1.5R/0.75R)
2023-06-14 15:00:00+00:00,2023-06-14 17:00:00+00:00,short,stop,-1.0502,2,SOLUSDT,2023,V3-B (0.75R/1.5R/0.75R)
2023-06-22 14:00:00+00:00,2023-06-23 06:00:00+00:00,short,stop,-0.0376,16,SOLUSDT,2023,V3-B (0.75R/1.5R/0.75R)
2023-06-24 15:00:00+00:00,2023-06-25 06:00:00+00:00,short,stop,-1.0265,15,SOLUSDT,2023,V3-B (0.75R/1.5R/0.75R)
2023-06-26 14:00:00+00:00,2023-06-26 17:00:00+00:00,short,stop,1.6333,3,SOLUSDT,2023,V3-B (0.75R/1.5R/0.75R)
2023-07-04 13:00:00+00:00,2023-07-04 16:00:00+00:00,long,stop,1.0701,3,SOLUSDT,2023,V3-B (0.75R/1.5R/0.75R)
2023-07-16 09:00:00+00:00,2023-07-16 16:00:00+00:00,long,stop,-0.0315,7,SOLUSDT,2023,V3-B (0.75R/1.5R/0.75R)
2023-07-22 15:00:00+00:00,2023-07-22 18:00:00+00:00,long,stop,-1.0655,3,SOLUSDT,2023,V3-B (0.75R/1.5R/0.75R)
2023-07-28 16:00:00+00:00,2023-07-28 17:00:00+00:00,long,stop,-1.0556,1,SOLUSDT,2023,V3-B (0.75R/1.5R/0.75R)
2023-08-11 14:00:00+00:00,2023-08-11 15:00:00+00:00,long,stop,-1.0802,1,SOLUSDT,2023,V3-B (0.75R/1.5R/0.75R)
2023-08-12 14:00:00+00:00,2023-08-12 18:00:00+00:00,long,stop,-0.1175,4,SOLUSDT,2023,V3-B (0.75R/1.5R/0.75R)
2023-08-14 14:00:00+00:00,2023-08-14 17:00:00+00:00,long,stop,2.0894,3,SOLUSDT,2023,V3-B (0.75R/1.5R/0.75R)
2023-08-20 16:00:00+00:00,2023-08-20 20:00:00+00:00,short,stop,-1.0742,4,SOLUSDT,2023,V3-B (0.75R/1.5R/0.75R)
2023-08-24 15:00:00+00:00,2023-08-24 19:00:00+00:00,short,stop,-0.0524,4,SOLUSDT,2023,V3-B (0.75R/1.5R/0.75R)
2023-08-30 14:00:00+00:00,2023-08-31 10:00:00+00:00,short,timeout,0.3023,20,SOLUSDT,2023,V3-B (0.75R/1.5R/0.75R)
2023-09-02 13:00:00+00:00,2023-09-02 15:00:00+00:00,short,stop,-1.0771,2,SOLUSDT,2023,V3-B (0.75R/1.5R/0.75R)
2023-09-03 09:00:00+00:00,2023-09-03 17:00:00+00:00,short,stop,-0.0875,8,SOLUSDT,2023,V3-B (0.75R/1.5R/0.75R)
2023-09-04 14:00:00+00:00,2023-09-04 17:00:00+00:00,short,stop,-0.0709,3,SOLUSDT,2023,V3-B (0.75R/1.5R/0.75R)
2023-09-06 07:00:00+00:00,2023-09-06 16:00:00+00:00,short,stop,1.0686,9,SOLUSDT,2023,V3-B (0.75R/1.5R/0.75R)
2023-09-08 10:00:00+00:00,2023-09-09 06:00:00+00:00,short,timeout,-0.0022,20,SOLUSDT,2023,V3-B (0.75R/1.5R/0.75R)
2023-09-15 14:00:00+00:00,2023-09-15 22:00:00+00:00,short,stop,-1.0576,8,SOLUSDT,2023,V3-B (0.75R/1.5R/0.75R)
2023-09-16 15:00:00+00:00,2023-09-17 02:00:00+00:00,short,stop,-0.0624,11,SOLUSDT,2023,V3-B (0.75R/1.5R/0.75R)
2023-09-17 13:00:00+00:00,2023-09-17 21:00:00+00:00,short,stop,1.1939,8,SOLUSDT,2023,V3-B (0.75R/1.5R/0.75R)
2023-09-27 14:00:00+00:00,2023-09-28 00:00:00+00:00,short,stop,-1.0387,10,SOLUSDT,2023,V3-B (0.75R/1.5R/0.75R)
2023-10-05 13:00:00+00:00,2023-10-05 15:00:00+00:00,long,stop,-1.0476,2,SOLUSDT,2023,V3-B (0.75R/1.5R/0.75R)
2023-10-06 15:00:00+00:00,2023-10-07 05:00:00+00:00,long,stop,0.7309,14,SOLUSDT,2023,V3-B (0.75R/1.5R/0.75R)
2023-10-08 09:00:00+00:00,2023-10-08 10:00:00+00:00,long,stop,-1.0698,1,SOLUSDT,2023,V3-B (0.75R/1.5R/0.75R)
2023-10-08 16:00:00+00:00,2023-10-09 00:00:00+00:00,long,stop,-1.0678,8,SOLUSDT,2023,V3-B (0.75R/1.5R/0.75R)
2023-10-11 09:00:00+00:00,2023-10-11 15:00:00+00:00,long,stop,-1.0586,6,SOLUSDT,2023,V3-B (0.75R/1.5R/0.75R)
2023-10-19 09:00:00+00:00,2023-10-19 17:00:00+00:00,long,stop,5.1524,8,SOLUSDT,2023,V3-B (0.75R/1.5R/0.75R)
2023-10-29 07:00:00+00:00,2023-10-29 14:00:00+00:00,long,stop,-0.052,7,SOLUSDT,2023,V3-B (0.75R/1.5R/0.75R)
2023-11-14 14:00:00+00:00,2023-11-14 15:00:00+00:00,long,stop,-1.02,1,SOLUSDT,2023,V3-B (0.75R/1.5R/0.75R)
2023-11-20 09:00:00+00:00,2023-11-20 14:00:00+00:00,long,stop,-1.0374,5,SOLUSDT,2023,V3-B (0.75R/1.5R/0.75R)
2023-11-22 13:00:00+00:00,2023-11-22 22:00:00+00:00,long,stop,1.5208,9,SOLUSDT,2023,V3-B (0.75R/1.5R/0.75R)
2023-11-28 10:00:00+00:00,2023-11-28 19:00:00+00:00,long,stop,1.4776,9,SOLUSDT,2023,V3-B (0.75R/1.5R/0.75R)
2023-12-07 09:00:00+00:00,2023-12-07 18:00:00+00:00,long,stop,1.8348,9,SOLUSDT,2023,V3-B (0.75R/1.5R/0.75R)
2023-12-27 10:00:00+00:00,2023-12-27 14:00:00+00:00,long,stop,-1.0242,4,SOLUSDT,2023,V3-B (0.75R/1.5R/0.75R)
